,sample,habitat,X,batch,weight..g.,sex,total.length..mm.,dC,dN,tr_posit,Zooplankton.diet..from.MixSIA.,DFA.scores..littoral....pelagic.,age.gr,age,group,condition,last.year.gowth.g.lnL2.lnL1,X14.00,i.15.0,ai.15.0,X15.00,i.16.0,ai.16.0,X16.00,X16.01,X16.1n.9,X16.1n.7,X16.1n.5,i.17.0,ai.17.0,X17.00,X17.01,X18.00,X18.1n,X18.1n.9,X18.1n.7,X18.1n.5,X18.2n.6,X19.00,X18.3n.6,X18.3n.3..ALA.,X18.4n.3..SDA.,X20.00,X20.1n.9,X20.2n.6,X20.4n.6..ARA.,X20.3n.3,X20.4n.3,X20.5n.3..EPA.,X22.00,X22.4n.6,X22.5n.6,X22.5n.3..DPA.,X22.6n.3..DHA.,X24.1n.9,sumPUFAS,w3,w6,w3.w6,sumMUFAS,pelagic.diet.over..benthic.pelagic.,piscivory,lines.LP,lines.LL,Lines.P,Lines.pisc,cluster2,hab_age,hab_age.num,cluster3,X.4,X.5,wrong.clasif,X.2,L1,L2,L3,L4,L5,L6,X.1,L.t.,hab_age.num2,cla,cla.sd,cop,cop.sd,kcluster_hab.num,finalcluster.n,final.cluster,bg,fish,litt,pel,fish.sd,lit.sd,pel.sd,epa.ara,dha.ara,bact,SAFA,percfish,perclitt,percpel
1,L01,littoral,NA,b7,14.01,,106,-23.69,10.28,3.110333,0.166,0.73117954,1,1,LL,1.1763066,0.35300093,0.6091688,0.16804941,0.048381931,0.2661361,0.67693495,0.07080678,20.88773,0.1643933,0.2537682,2.32597,0.3943055,0.2940255,0.09315071,0.7878852,0.1838266,7.267584,0.065027187,3.464153,4.780304,0.03957121,1.752981,0.33440034,0.17349311,1.9421025,0.6725148,0.11592431,0.0484048,0.122810316,5.871646,0.13010816,0.2242914,18.270298,0.14070243,0.3562728,0.8793609,3.793775,21.74354,0.5862027,55.93319,46.77663,9.156565,5.108535,11.719725,0.3,non-piscivorous,NA,1,NA,NA,1,littoral 1,19,1,NA,NA,,,74.47,NA,NA,NA,NA,NA,NA,NA,19,0.174,0.086,0.062,0.045,green3,green3,LB,NA,0.189,0.574,0.236,0.1,0.116,0.097061836,3.111614358,3.703142185,2.739770921,30.40953118,18.9,57.4,23.6
2,L02,littoral,NA,b7,10.72,,100,-25.15,11.14,3.363652,0.581,1.08231569,1,1,LL,1.072,0.33639624,0.902522,0.27548127,0.1140788,0.3696605,0.74138544,0.16900039,18.51682,0.2791353,0.4350967,2.436828,0.4286138,0.5977639,0.26291308,1.0073524,0.2934659,7.19595,0.20102805,4.474127,3.78334,0.06908579,2.301715,0.2418359,0.20966309,2.9017063,0.8757759,0.14768732,0.09076776,0.109926795,6.001713,0.3238295,0.3293795,13.999524,0.12338983,0.4651473,1.5810781,2.91195,23.89042,0.940841,55.90183,45.23259,10.669243,4.239531,12.491489,0.394,non-piscivorous,NA,1,NA,NA,1,littoral 1,19,1,NA,NA,,,71.43,NA,NA,NA,NA,NA,NA,NA,19,0.178,0.132,0.091,0.091,green3,green3,LB,NA,0.269,0.461,0.269,0.184,0.194,0.160327789,2.332588046,3.980600205,3.77947168,28.50521795,26.9,46.1,26.9
3,L03R,littoral,NA,b6,11.93,,103,-25.67,11.77,3.548577,0.678,-0.65872971,1,1,LL,1.091764,0.23971209,0.8812549,0.19381612,0.062982708,0.3136836,0.44916301,0.10440295,19.78373,0.205901,0.3975227,2.39126,0.313472,0.3752192,0.14237942,0.8924596,0.2719408,7.477221,0.082046857,4.543498,3.464355,0.03696707,2.46905,0.15695764,0.19462651,3.3045442,0.7984649,0.13512415,0.07539902,0.114449966,5.716113,0.21793097,0.2713345,14.137832,0.10605143,0.2701857,1.6711631,2.305459,24.92358,0.7484547,56.39474,45.95915,10.435588,4.404079,11.782362,0.431,non-piscivorous,NA,1,NA,NA,2,littoral 1,19,1,NA,NA,,,81.05,NA,NA,NA,NA,NA,NA,NA,19,0.172,0.126,0.115,0.114,green3,black,Pisc,1,0.338,0.375,0.287,0.204,0.189,0.169917627,2.473329691,4.360232207,2.691064248,29.74648232,33.8,37.5,28.7
4,L04,littoral,NA,b13,7.8,,93,-24.01,9.55,2.896248,0.088,-0.31930666,1,1,LL,0.9697187,0.36891545,0.8510292,0.28286621,0.120673614,0.3843643,0.4644247,0.12660323,18.16772,0.1903846,0.350277,3.408103,0.4066054,0.4359049,0.23442199,0.9233236,0.2839192,7.430358,0.115939304,4.800701,4.521278,0.0558016,3.383911,0.12988664,0.20358978,2.5037849,0.839857,0.16992911,0.09510834,0.173744207,6.743292,0.15602569,0.2643924,14.87612,0.14531368,0.5044653,1.4302595,2.368439,21.79173,0.6654534,55.23961,42.80035,12.439262,3.440747,14.228118,0.312,non-piscivorous,NA,1,NA,NA,1,littoral 1,19,1,NA,NA,,,64.31,NA,NA,NA,NA,NA,NA,NA,19,0.173,0.139,0.049,0.053,green3,green3,LB,NA,0.134,0.645,0.222,0.124,0.175,0.148761554,2.206061965,3.231615953,3.102469184,28.20192453,13.4,64.5,22.2
5,L05,littoral,NA,b6,10.07,,102,-26.65,10.49,3.17408,0.593,1.26434837,1,1,LP,0.9489186,0.26276193,1.0364667,0.41970522,0.210564857,0.3953062,0.37235868,0.10502919,19.11531,0.2850853,0.546762,2.602498,0.3643553,0.4184031,0.12469013,0.8700251,0.2652443,6.427351,0.048890106,5.180736,3.423226,0.04064429,2.876206,0.12106308,0.18961494,3.2750585,1.5599983,0.15876325,0.09923611,0.159900436,7.698126,0.13197013,0.4032458,14.300591,0.10614413,0.3757495,2.0349017,1.936514,21.4594,0.8608633,56.40128,43.06678,13.3345,3.229726,12.856678,0.508,non-piscivorous,1,NA,NA,NA,3,littoral 1,19,2,NA,NA,,,78.43,NA,NA,NA,NA,NA,NA,NA,19,0.407,0.122,0.241,0.098,blue,blue,LP,NA,0.229,0.123,0.648,0.103,0.083,0.156486421,1.857671724,2.787613505,3.037145557,28.23042946,22.9,12.3,64.8
6,L06,littoral,NA,b6,12.4,,107,-25.56,11.12,3.360015,0.603,-0.37894565,1,1,LL,1.0122094,0.29304514,1.0682196,0.21865312,0.105513802,0.2800422,0.41344564,0.07975401,19.3212,0.2342627,0.3939214,3.049782,0.3509818,0.3023105,0.09729143,0.8533514,0.2547521,6.981377,0.02904525,4.650016,3.279481,0.02305058,2.506112,0.18841189,0.24242652,2.5546038,1.1051394,0.15076413,0.08419655,0.21406914,5.978843,0.09962964,0.2774644,14.394608,0.1059733,0.3039919,2.0728757,2.394719,24.52478,0.8149413,56.66926,45.35094,11.318318,4.006862,12.349489,0.426,non-piscivorous,NA,1,NA,NA,1,littoral 1,19,1,NA,NA,,,79.82,NA,NA,NA,NA,NA,NA,NA,19,0.203,0.144,0.104,0.102,green3,green3,LB,NA,0.27,0.424,0.307,0.188,0.19,0.176465294,2.4075909,4.101927413,2.538773992,28.94933952,27,42.4,30.7
7,L07,littoral,NA,b6,12.95,,105,-27.58,11.26,3.400889,0.773,0.43505073,1,1,LP,1.1186697,0.28975596,1.0459799,0.38069287,0.195709273,0.4192154,0.32438302,0.10249491,19.73597,0.3013894,0.4876891,2.191367,0.4444555,0.3934138,0.10617741,0.8507893,0.2307509,6.467032,0.018200773,4.579316,3.055524,0.03839211,2.134984,0.11624182,0.14550577,3.0121764,1.5832176,0.13658482,0.0774804,0.219673496,7.35347,0.12854434,0.4097591,13.837366,0.08789146,0.4018287,2.1461181,2.050216,24.04723,0.7427622,57.47009,45.06851,12.40158,3.634094,11.424566,0.583,non-piscivorous,1,NA,NA,NA,3,littoral 1,19,2,NA,NA,,,78.59,NA,NA,NA,NA,NA,NA,NA,19,0.369,0.186,0.283,0.165,blue,blue,LP,NA,0.234,0.114,0.652,0.156,0.102,0.248638291,1.881746441,3.270188088,2.889117803,28.8597047,23.4,11.4,65.2
8,L08,littoral,NA,b6,13.02,,108,-27.55,11.2,3.382827,0.761,-4.6579053,1,1,LP,1.0335696,0.30831151,1.1097722,0.38700216,0.223565173,0.3852213,0.3481176,0.10224855,19.09221,0.2983719,0.5250942,2.423189,0.4127219,0.3973195,0.11806513,0.8144807,0.2370329,6.40892,0.037174464,5.222063,2.857932,0.03642607,2.161678,0.11084395,0.16278123,3.3003832,2.0225619,0.13890476,0.0809477,0.218910822,6.988157,0.15098062,0.4573577,13.55241,0.10940406,0.4330985,2.0443263,1.839668,23.95734,0.833325,57.28965,45.2807,12.008952,3.770579,12.130952,0.575,non-piscivorous,1,NA,NA,NA,3,littoral 1,19,2,NA,NA,,,79.35,NA,NA,NA,NA,NA,NA,NA,19,0.38,0.185,0.277,0.163,blue,blue,LP,NA,0.225,0.118,0.657,0.153,0.103,0.246564393,1.939339657,3.428277298,2.886864063,28.16975697,22.5,11.8,65.7
9,L09,littoral,NA,b5,15.42,,115,-24.54,11.2,3.382826,0.556,-2.28368905,1,1,LL,1.01389,0.29420624,0.5391529,0.14688234,0.045234925,0.38067,0.42742451,0.07474818,19.53086,0.1604891,0.2771307,2.494981,0.4260282,0.2134729,0.11094624,0.9282161,0.2968789,7.593175,0.047904368,3.935006,4.687964,0.02957146,2.473129,0.22671698,0.16388655,2.5100697,0.4725263,0.15842831,0.06462814,0.165900434,7.166598,0.09494673,0.1818908,15.145236,0.1396239,0.445846,1.421446,2.692306,23.63608,0.4940043,56.56986,44.73306,11.836806,3.779149,12.420582,0.354,non-piscivorous,NA,1,NA,NA,1,littoral 1,19,1,NA,NA,,,85.69,NA,NA,NA,NA,NA,NA,NA,19,0.146,0.111,0.073,0.075,green3,green3,LB,NA,0.262,0.519,0.219,0.188,0.197,0.133962681,2.113308993,3.298089275,2.554312175,29.49684319,26.2,51.9,21.9
10,L10,littoral,NA,b5,12.6,,106,-23.89,10.62,3.21209,0.306,-0.48619001,1,1,LL,1.0579203,0.33172686,0.5804697,0.14131738,0.038169531,0.3244141,0.43492492,0.0586548,20.52737,0.1328043,0.2502308,2.663454,0.4147701,0.1712807,0.05584935,0.8854512,0.2468547,7.667235,0.037353082,4.031846,5.502495,0.0313375,2.17286,0.35007617,0.20190236,2.8636954,0.6542918,0.1276668,0.05146666,0.248215355,5.363404,0.09266734,0.1954856,16.834923,0.14129191,0.3011408,1.0576068,2.944723,21.80956,0.3927434,54.74047,45.39534,9.345129,4.857648,13.362612,0.313,non-piscivorous,NA,1,NA,NA,1,littoral 1,19,1,NA,NA,,,76.07,NA,NA,NA,NA,NA,NA,NA,19,0.134,0.106,0.057,0.06,green3,green3,LB,NA,0.192,0.616,0.191,0.159,0.18,0.12180312,3.138850439,4.066365316,2.460138151,30.60397488,19.2,61.6,19.1
11,L11,littoral,NA,b5,8.55,,91,-26.62,10.75,3.248681,0.629,-3.70921884,1,1,LP,1.1345978,0.37588566,0.9499556,0.51022539,0.231541313,0.4580862,0.34431759,0.14961462,18.45492,0.3148426,0.5314094,2.984585,0.4949743,0.5492657,0.21640855,1.000906,0.3358604,6.852009,0.066600582,5.326938,4.202729,0.04983888,2.967874,0.1551961,0.17048991,3.5323833,1.1933071,0.1644859,0.093351,0.283695133,7.201742,0.1347052,0.2980833,13.699369,0.10378193,0.4295697,1.7793655,1.950915,21.30481,0.5118503,54.94631,42.11357,12.832736,3.28173,14.401129,0.508,non-piscivorous,1,NA,NA,NA,3,littoral 1,19,2,NA,NA,,,62.49,NA,NA,NA,NA,NA,NA,NA,19,0.408,0.192,0.192,0.129,blue,blue,LP,NA,0.236,0.163,0.6,0.164,0.142,0.231311478,1.902229905,2.958285648,3.615561463,28.13934073,23.6,16.3,60
12,L12,littoral,NA,b4,12.35,,104,-27.82,10.99,3.321061,0.773,-0.40491421,1,1,LP,1.0979105,0.26865639,0.8857647,0.18154174,0.081819217,0.3231033,0.39805572,0.0925741,18.53448,0.1927665,0.315118,2.235451,0.2742994,0.3511031,0.13047025,0.8070675,0.2918759,7.684772,0.078291967,4.100434,3.529749,0.04359972,2.47826,0.15792134,0.20063933,3.4072416,0.8389504,0.16136356,0.09432588,0.146949892,5.996583,0.21712603,0.2696443,14.302966,0.08463279,0.3447389,1.8233404,2.349792,25.90518,0.6880067,58.28141,47.2909,10.990511,4.302884,11.155912,0.597,non-piscivorous,1,NA,NA,NA,3,littoral 1,19,2,NA,NA,,,79.5,NA,NA,NA,NA,NA,NA,NA,19,0.414,0.191,0.281,0.165,blue,blue,LP,NA,0.198,0.107,0.695,0.141,0.094,0.252400475,2.38518603,4.319990234,2.523656267,28.63910519,19.8,10.7,69.5
13,L13,littoral,NA,b4,8.28,,92,-24.62,10.19,3.086409,0.218,-1.65454853,1,1,LL,1.063327,0.38494799,0.9794526,0.35165168,0.160017765,0.3345831,0.06577005,0.13332053,18.93868,0.2324337,0.4937476,3.011875,0.4036725,0.4573903,0.19461391,0.8684369,0.2343225,7.15734,0.10779368,4.967548,4.081118,0.06435953,2.55389,0.21792161,0.28040955,2.639583,1.0967493,0.15494383,0.08636444,0.18037192,6.678413,0.15659554,0.3464393,16.017393,0.15169429,0.4594851,1.323153,3.022039,20.81724,0.5791812,55.57176,44.09604,11.475723,3.84255,13.683235,0.359,non-piscivorous,NA,1,NA,NA,1,littoral 1,19,1,NA,NA,,,62.6,NA,NA,NA,NA,NA,NA,NA,19,0.193,0.141,0.066,0.068,green3,green3,LB,NA,0.183,0.558,0.259,0.151,0.184,0.15654073,2.398383119,3.117093837,2.783705845,28.80305233,18.3,55.8,25.9
14,L14R,littoral,NA,b13,18.17,,127,-27.18,10.81,3.267181,0.712,-0.19116872,2,2,LP,0.8870411,0.17684251,1.1596661,0.41429671,0.241832815,0.3975117,0.36568137,0.13034267,19.98848,0.3068718,0.5592844,2.706608,0.4499399,0.4252177,0.14243388,0.854374,0.2726714,6.485768,0.045924729,5.626104,2.991683,0.03815243,2.188404,0.12070866,0.15514515,3.3769329,1.8433239,0.15364246,0.09727362,0.12860728,7.66818,0.1663297,0.5216043,14.885002,0.10181536,0.5355712,1.4743702,2.462811,19.87928,0.6381614,55.28556,43.13528,12.150277,3.550148,13.094514,0.549,non-piscivorous,1,NA,NA,NA,3,littoral 2,17,2,NA,NA,,,66.71,106.41,NA,NA,NA,NA,NA,NA,17,0.427,0.209,0.227,0.161,blue,blue,LP,NA,0.217,0.129,0.654,0.165,0.124,0.26382191,1.941138836,2.592437841,3.092399505,29.26196628,21.7,12.9,65.4
15,L15,littoral,NA,b4,6.25,,83,-26.89,10.82,3.269677,0.675,0.38181224,1,1,LP,1.0930644,0.44521584,0.7684759,0.31996449,0.152670073,0.3541567,0.23257516,0.1049329,19.40975,0.2831353,0.4261,2.329808,0.4240312,0.4198775,0.15372174,0.8107146,0.2764958,7.328017,0.048604322,4.766613,3.624971,0.04350114,2.808609,0.13670773,0.18086768,2.4858526,1.0012142,0.14307289,0.10683084,0.195580046,7.196935,0.10262183,0.2590478,12.921801,0.11539435,0.4150669,2.0691868,1.943882,24.79919,0.8400207,56.37985,43.51361,12.866246,3.381997,12.33009,0.527,non-piscivorous,1,NA,NA,NA,3,littoral 1,19,2,NA,NA,,,53.18,NA,NA,NA,NA,NA,NA,NA,19,0.411,0.189,0.207,0.136,blue,blue,LP,NA,0.234,0.149,0.618,0.159,0.129,0.232845442,1.7954589,3.445798802,2.685320893,29.06628917,23.4,14.9,61.8
16,L16,littoral,NA,b3,9.97,,100,-26.88,11.82,3.564348,0.75,-2.50494663,1,1,LP,0.997,0.31463012,0.9575035,0.30803725,0.16489763,0.3406493,0.34233148,0.09174876,19.3048,0.2492952,0.4345733,2.336539,0.3432652,0.37179,0.13230241,0.8999977,0.29532,7.268727,0.048417565,4.633526,3.025698,0.04059569,2.458216,0.14124036,0.23123065,3.4814846,1.4352499,0.15848845,0.1071175,0.115151295,5.717321,0.14493472,0.3702317,13.104614,0.0910991,0.359352,2.2988412,2.00235,25.2095,0.9835678,56.92848,45.74836,11.180112,4.091941,11.514347,0.528,non-piscivorous,1,NA,NA,NA,3,littoral 1,19,2,NA,NA,,,73.01,NA,NA,NA,NA,NA,NA,NA,19,0.289,0.166,0.259,0.16,blue,blue,LP,NA,0.314,0.138,0.548,0.179,0.121,0.23055585,2.292089949,4.409320379,2.79299489,29.16250541,31.4,13.8,54.8
17,L17,littoral,NA,b3,11.95,,105,-27.09,11.48,3.464211,0.748,-1.94039666,1,1,LP,1.0322859,0.23156356,0.654242,0.19888021,0.082519862,0.3642227,0.30882036,0.09080468,19.78675,0.2545207,0.3519254,1.820845,0.4345756,0.3295011,0.12692034,0.908117,0.2534507,7.214777,0.049729811,4.466894,3.500825,0.04431835,2.031192,0.17358002,0.1332217,2.5220497,0.7735283,0.15371424,0.09504706,0.110037636,7.24553,0.1377915,0.2710928,12.727878,0.12567669,0.4496641,2.1247305,2.155531,26.58267,0.9444324,57.26491,45.17054,12.094376,3.734838,11.272132,0.544,non-piscivorous,1,NA,NA,NA,3,littoral 1,19,2,NA,NA,,,83.3,NA,NA,NA,NA,NA,NA,NA,19,0.332,0.176,0.257,0.156,blue,blue,LP,NA,0.278,0.133,0.589,0.172,0.117,0.235185034,1.756652446,3.6688372,2.583366272,29.38107965,27.8,13.3,58.9
18,L18,littoral,NA,b3,12.5,,106,-27.53,11.24,3.394679,0.767,-1.3254229,1,1,LP,1.0495241,0.25339246,1.1860002,0.5735842,0.330930631,0.4415794,0.21222557,0.16681522,19.48703,0.354827,0.6345806,2.70403,0.4837593,0.5743746,0.23033249,0.9792292,0.2879076,6.473267,0.065119955,5.249166,3.302362,0.04313506,2.168806,0.12080726,0.18130058,3.4374333,1.9918689,0.1480241,0.11749994,0.161737291,6.997537,0.16651231,0.4510831,13.118359,0.10592992,0.4625066,2.0006137,1.807948,22.01656,0.7652137,54.96227,42.98977,11.972502,3.590709,13.242387,0.576,non-piscivorous,1,NA,NA,NA,3,littoral 1,19,2,NA,NA,,,82.27,NA,NA,NA,NA,NA,NA,NA,19,0.371,0.184,0.283,0.165,blue,blue,LP,NA,0.231,0.115,0.654,0.156,0.101,0.247145706,1.874710916,3.146329916,3.629878571,28.94186708,23.1,11.5,65.4
19,L19,littoral,NA,b3,10.16,,98,-25.22,10.14,3.070292,0.275,-0.67088353,1,1,LL,1.0794822,0.39757459,0.8894462,0.34821924,0.182411892,0.3959326,0.53583284,0.16215209,18.284,0.2811412,0.4493328,2.780227,0.3807324,0.5641923,0.22802641,0.9918067,0.2670547,7.007679,0.175424069,4.457647,4.009309,0.07918329,2.413323,0.22437564,0.24678596,3.1363196,1.0656007,0.15983152,0.10448147,0.112203538,6.274691,0.26648267,0.3106658,14.011339,0.1182095,0.4958534,1.6372421,2.993087,23.22251,0.7372437,56.18611,45.00601,11.180099,4.025546,12.984533,0.4,non-piscivorous,NA,1,NA,NA,1,littoral 1,19,1,NA,NA,,,65.85,NA,NA,NA,NA,NA,NA,NA,19,0.237,0.164,0.076,0.078,green3,green3,LB,NA,0.188,0.499,0.313,0.156,0.197,0.181603965,2.232992668,3.700980654,3.632949712,28.07128116,18.8,49.9,31.3
20,L20,littoral,NA,b3,12.91,,103,-27.86,10.7,3.234752,0.76,0.26094621,1,1,LP,1.1814479,0.17085318,1.22843,0.5582713,0.312176612,0.4573422,0.26044565,0.15690725,19.17104,0.3315689,0.6437882,2.948822,0.419303,0.5476752,0.21130286,0.9303625,0.3023645,6.299619,0.065119258,5.637656,3.539607,0.05703577,2.464806,0.10934418,0.19909161,3.6778894,2.0850028,0.14458058,0.101064,0.158517321,6.650751,0.14696386,0.4390526,13.15677,0.08630435,0.4744413,1.9740057,1.883494,21.54339,0.6256938,54.85418,42.93256,11.921613,3.601238,14.046329,0.6,non-piscivorous,1,NA,NA,NA,3,littoral 1,19,2,NA,NA,,,86.82,NA,NA,NA,NA,NA,NA,NA,19,0.455,0.194,0.26,0.162,blue,blue,LP,NA,0.182,0.103,0.715,0.135,0.093,0.252744931,1.978238247,3.239241704,3.543827752,28.42702281,18.2,10.3,71.5
21,L21R,littoral,NA,b13,21.49,,132,-25.67,11.3,3.411105,0.668,-0.50463789,2,2,LL,0.9343608,0.27955685,0.6711096,0.13764872,0.044238196,0.3518964,0.17147779,0.06463157,20.4012,0.1962111,0.3007937,2.454595,0.4602491,0.1733605,0.06347998,0.7237343,0.1854468,7.128204,0.046245668,3.908245,4.106609,0.03756511,1.892714,0.24845103,0.14661197,2.0216988,0.6546917,0.1564662,0.07790521,0.107545795,7.952796,0.09027045,0.2684901,15.861913,0.1083806,0.5103466,1.4365412,3.773129,22.37005,0.6950503,57.0868,45.04024,12.046557,3.738848,11.773865,0.434,non-piscivorous,NA,1,NA,NA,2,littoral 2,17,2,NA,NA,,,77,99.81,NA,NA,NA,NA,NA,NA,17,0.177,0.149,0.112,0.115,green3,black,Pisc,1,0.366,0.344,0.289,0.215,0.192,0.188217959,1.994507718,2.812853492,1.978918486,29.78944213,36.6,34.4,28.9
22,L22,littoral,NA,b9,10.72,,105,-27.73,11.19,3.378488,0.783,-1.25915591,1,1,LP,0.9260339,0.29493059,1.1314371,0.39233691,0.213505436,0.3896339,0.26141231,0.10600427,20.15413,0.2903599,0.501581,2.355477,0.3943411,0.3934337,0.14975905,0.8638168,0.2371234,6.440816,0.048447569,4.716588,2.944457,0.03501099,1.937124,0.10521381,0.13231549,3.1034951,1.7606911,0.12782002,0.08559939,0.143518937,6.879821,0.1160972,0.402982,13.344428,0.07170127,0.4262655,2.0043194,1.896666,24.77931,0.6629665,56.92703,45.40367,11.523364,3.94014,11.608985,0.593,non-piscivorous,1,NA,NA,NA,3,littoral 1,19,2,NA,NA,,,78.18,NA,NA,NA,NA,NA,NA,NA,19,0.377,0.186,0.296,0.166,blue,blue,LP,NA,0.217,0.11,0.673,0.146,0.096,0.249303028,1.939647558,3.601737603,2.875116186,29.2845689,21.7,11,67.3
23,L23,littoral,NA,b9,20.43,,127,-24.61,11.63,3.509869,0.648,2.26040652,2,2,LL,0.9973721,0.23680007,0.6001716,0.13018237,0.031081743,0.3892436,0.47767123,0.0588761,19.85259,0.1580176,0.2952858,2.934374,0.4976333,0.2280634,0.1101611,0.8397682,0.2975697,7.399175,0.064869043,3.949145,4.626534,0.03233195,2.390158,0.19936732,0.15432625,1.8755192,0.3909551,0.15379462,0.06176179,0.093804914,8.820548,0.10913652,0.196006,17.416189,0.10982644,0.5443223,1.22744,3.432716,19.37781,0.4735727,56.02893,42.79833,13.230599,3.234799,12.917522,0.357,non-piscivorous,NA,1,NA,NA,2,littoral 2,17,1,NA,NA,,,66.01,100.22,NA,NA,NA,NA,NA,NA,17,0.119,0.103,0.082,0.088,green3,black,Pisc,1,0.396,0.403,0.201,0.224,0.212,0.135473245,1.974501924,2.196894116,2.464415063,29.54393678,39.6,40.3,20.1
24,L24,littoral,NA,b9,18.08,,128,-25.35,12.06,3.634195,0.699,-1.54283539,2,2,LL,0.8621216,0.43486878,0.6914235,0.18231324,0.047308014,0.4263598,0.44712685,0.08331425,19.46614,0.1973549,0.3777819,3.187952,0.5652556,0.2627172,0.12906738,0.9384845,0.3858907,7.376752,0.064962218,4.969735,4.527675,0.04800419,2.582838,0.23526852,0.12551339,2.1376351,0.3798042,0.17465889,0.11157158,0.096897208,8.065285,0.09585287,0.2011676,16.971516,0.10703568,0.4625813,1.2977794,2.612735,19.37096,0.5952833,54.40057,41.76967,12.630895,3.306945,14.436182,0.404,non-piscivorous,NA,1,NA,NA,2,littoral 2,17,2,NA,NA,,,64.27,82.86,NA,NA,NA,NA,NA,NA,17,0.132,0.112,0.106,0.112,green3,black,Pisc,1,0.445,0.317,0.238,0.221,0.189,0.158391919,2.104267363,2.401770055,2.751959754,29.41612289,44.5,31.7,23.8
25,L25,littoral,NA,b9,12.35,,105,-23.74,9.37,2.844236,0.067,-0.83108475,1,1,LL,1.0668394,0.42896809,0.8781609,0.21683752,0.078527575,0.3985005,0.81291924,0.23388764,18.36689,0.2822968,0.3615157,2.734256,0.4305289,0.8695875,0.3498129,0.9969238,0.2219368,7.25864,0.416505982,3.515006,4.352121,0.13138161,2.049653,0.27259816,0.16304351,1.8556861,0.4973685,0.16208878,0.06994087,0.058327231,6.376623,0.40963686,0.3789905,15.614966,0.12534817,0.644495,1.3683372,4.361665,22.27564,0.4093493,56.05444,45.39396,10.66048,4.258153,12.51549,0.29,non-piscivorous,NA,1,NA,NA,1,littoral 1,19,1,NA,NA,,,68.37,NA,NA,NA,NA,NA,NA,NA,19,0.158,0.127,0.043,0.045,green3,green3,LB,NA,0.124,0.676,0.201,0.124,0.168,0.13473678,2.448783,3.493328679,4.229594835,28.45915031,12.4,67.6,20.1
26,L26R,littoral,NA,b13,10.13,,99,-24.37,9.48,2.877139,0.101,-0.38185066,1,1,LL,1.0440081,0.33836076,0.9023194,0.3052655,0.130907983,0.3874548,1.04655769,0.22743356,19.52901,0.3059164,0.4237484,2.562328,0.3936144,0.76987,0.30396281,0.9086294,0.2562866,7.038969,0.321344102,4.098378,3.581238,0.0813846,1.809099,0.25188984,0.1343106,1.8377731,0.6475609,0.1412106,0.08430452,0.06720959,6.529847,0.36722998,0.3965253,14.736161,0.10961606,0.6496435,1.5374362,3.869394,22.80262,0.4535498,55.38481,44.65727,10.727546,4.162859,12.108542,0.33,non-piscivorous,NA,1,NA,NA,1,littoral 1,19,1,NA,NA,,,70.58,NA,NA,NA,NA,NA,NA,NA,19,0.203,0.154,0.05,0.052,green3,green3,LB,NA,0.134,0.613,0.253,0.126,0.183,0.162542302,2.256739094,3.492060381,4.331971583,29.2690991,13.4,61.3,25.3
27,L27,littoral,NA,b8,10.45,,98,-24.71,9.91,3.003707,0.167,1.34052424,1,1,LL,1.1102942,0.3664158,0.8293866,0.3245178,0.121337004,0.3871087,0.37338595,0.09587278,19.86834,0.203722,0.3887539,3.221457,0.4797076,0.35261,0.13087339,1.0404188,0.3632085,7.309034,0.047247046,5.006638,5.086879,0.03668804,2.696699,0.2458125,0.203319,3.1336894,0.8987418,0.16201491,0.08580263,0.138907559,6.362444,0.10888919,0.2389624,15.523227,0.1602723,0.4084206,1.155503,2.147684,20.01272,0.6497106,53.0292,42.06391,10.965293,3.836095,14.920104,0.362,non-piscivorous,NA,1,NA,NA,1,littoral 1,19,1,NA,NA,,,67.94,NA,NA,NA,NA,NA,NA,NA,19,0.215,0.157,0.062,0.063,green3,green3,LB,NA,0.171,0.552,0.277,0.153,0.195,0.169168555,2.439821396,3.145445367,3.071936924,30.00238781,17.1,55.2,27.7
28,L28,littoral,NA,b8,14.52,,107,-27.43,10.78,3.2589,0.718,-3.33513575,1,1,LP,1.1852645,0.26668938,1.2287078,0.43299667,0.241325215,0.4323881,0.34739635,0.11939372,19.79817,0.3228336,0.5799257,2.667839,0.4252831,0.4284951,0.15458557,0.9360768,0.2545135,6.224266,0.038697682,5.55865,3.199209,0.03729151,2.249116,0.09753873,0.14897838,3.5010077,1.8781351,0.11324118,0.08797821,0.178189362,6.99185,0.15172748,0.4793795,13.752586,0.11456693,0.4930534,1.7741796,2.203067,21.43948,0.9178838,55.24075,43.40538,11.835368,3.66743,13.172221,0.572,non-piscivorous,1,NA,NA,NA,3,littoral 1,19,2,NA,NA,,,81.95,NA,NA,NA,NA,NA,NA,NA,19,0.433,0.194,0.238,0.151,blue,blue,LP,NA,0.207,0.122,0.671,0.147,0.11,0.245839378,1.966945229,3.066352968,3.190196255,28.94495554,20.7,12.2,67.1
29,L29,littoral,NA,b8,17.1,,120,-27.38,11.36,3.428192,0.768,0.05102819,2,2,LP,0.9895833,0.3084957,1.4987972,0.53072326,0.328907441,0.4569098,0.33809132,0.12808924,19.91159,0.349708,0.6084777,3.132021,0.4686209,0.4294021,0.15023897,0.8797356,0.3199907,5.974394,0.059777854,5.452316,3.142846,0.04663151,2.315848,0.10800398,0.17270923,3.8459547,2.2362487,0.18193676,0.09435403,0.116316439,7.156751,0.14194088,0.4762379,14.578798,0.10721699,0.415922,1.4981875,1.875471,19.80642,0.6644185,54.63681,42.96107,11.675734,3.679518,13.674744,0.567,non-piscivorous,1,NA,NA,NA,3,littoral 2,17,2,NA,NA,,,72.22,88.15,NA,NA,NA,NA,NA,NA,17,0.361,0.201,0.275,0.181,blue,blue,LP,NA,0.249,0.116,0.636,0.18,0.115,0.27048475,2.037069335,2.767515595,3.350101711,29.11858433,24.9,11.6,63.6
30,L30,littoral,NA,b8,19.54,,120,-27.76,10.84,3.27504,0.777,1.32527238,2,2,LP,1.130787,0.26685984,1.2665703,0.41740549,0.22028271,0.4173513,0.35662512,0.10019834,20.57347,0.3314588,0.5779857,2.506596,0.4836065,0.3972654,0.14158703,0.8447562,0.2661234,6.173953,0.03250981,5.372454,3.049633,0.02835478,2.343749,0.07906062,0.12822892,3.509657,2.0704486,0.11324642,0.06019949,0.153866414,7.586153,0.13953498,0.5218904,15.449031,0.11163205,0.4894245,1.6148258,2.14397,19.24338,0.6835102,55.39416,43.07791,12.316247,3.497649,12.708921,0.594,non-piscivorous,1,NA,NA,NA,3,littoral 2,17,2,NA,NA,,,63.79,91.89,NA,NA,NA,NA,NA,NA,17,0.442,0.215,0.264,0.18,blue,blue,LP,NA,0.189,0.105,0.706,0.15,0.106,0.280401498,2.036477646,2.536645385,2.97453221,29.58003989,18.9,10.5,70.6
31,L31,littoral,NA,b8,21.61,,131,-25.76,11.35,3.426705,0.084,-0.88872358,2,2,LL,0.96126,0.22776647,0.7031257,0.17466165,0.072252882,0.4549828,0.52272982,0.08393132,20.07872,0.2007916,0.3601755,2.221073,0.5149213,0.3605794,0.13992796,0.874673,0.2626035,7.455532,0.051978936,4.193251,4.023574,0.03322302,2.533969,0.17423082,0.12380787,2.2411715,0.7366164,0.18943679,0.09774466,0.058856735,10.295006,0.10218262,0.2232931,14.896847,0.11174099,0.5993491,1.5844946,3.335418,18.82801,1.0851175,55.55902,40.36354,15.195483,2.656285,11.959337,0.289,non-piscivorous,NA,1,NA,NA,2,littoral 2,17,1,NA,NA,,,73.19,104.32,NA,NA,NA,NA,NA,NA,17,0.173,0.144,0.12,0.122,green3,black,Pisc,1,0.374,0.333,0.293,0.224,0.191,0.188732615,1.446997408,1.828848861,2.857969652,30.0424421,37.4,33.3,29.3
32,L32,littoral,NA,b8,14.29,,109,-27.84,10.97,3.315549,0.78,-3.19928804,1,1,LP,1.1034502,0.36549282,1.2794136,0.44727476,0.264423319,0.4073706,0.32918701,0.12090635,20.05703,0.3066147,0.5653888,2.491294,0.3987434,0.4826271,0.17280651,0.9458619,0.2764099,6.418578,0.058891842,5.540784,3.149386,0.04187362,2.359792,0.10896836,0.16010772,3.5844435,2.0978962,0.1553989,0.09763005,0.17236991,6.750109,0.1342974,0.4648837,14.413251,0.11519502,0.3964949,1.9228351,1.572182,21.00906,0.7302255,55.03772,43.27601,11.761708,3.679399,12.927016,0.6,non-piscivorous,1,NA,NA,NA,3,littoral 1,19,2,NA,NA,,,75.63,NA,NA,NA,NA,NA,NA,NA,19,0.415,0.188,0.283,0.165,blue,blue,LP,NA,0.195,0.107,0.698,0.138,0.094,0.250137962,2.135261964,3.112403074,3.279425909,29.48781638,19.5,10.7,69.8
33,L33,littoral,NA,b7,19.35,,117,-24.74,10.65,3.220576,0.201,-0.81969149,2,2,LL,1.208157,0.21198144,0.5376439,0.11402602,0.023838782,0.4114591,0.4098167,0.04685471,20.68764,0.1583567,0.2970005,2.75036,0.5431724,0.171591,0.07669322,0.9251503,0.3092637,7.650508,0.043912852,3.803732,5.241603,0.04002842,2.047089,0.31742699,0.1394265,2.0656026,0.4167226,0.12580896,0.06648149,0.079048533,7.208635,0.07868205,0.19762,18.478716,0.13348066,0.4376098,0.7577475,3.791033,18.87905,0.5371714,54.57698,43.90743,10.669557,4.115206,13.253911,0.362,non-piscivorous,NA,1,NA,NA,1,littoral 2,17,1,NA,NA,,,65.24,94.65,NA,NA,NA,NA,NA,NA,17,0.16,0.138,0.08,0.086,green3,green3,LB,NA,0.294,0.466,0.24,0.21,0.213,0.162603813,2.563414017,2.618949357,2.496856822,30.78911791,29.4,46.6,24
34,L34,littoral,NA,b7,10.54,,103,-27.69,11.04,3.335505,0.77,-0.67599359,1,1,LP,0.9645593,0.43888134,0.9853393,0.41948675,0.198920755,0.4109656,0.38768076,0.13961665,19.35296,0.3367798,0.5124092,2.43064,0.4303676,0.5215262,0.19393451,0.8976987,0.2696625,6.716179,0.045857408,5.096971,3.430601,0.04531886,2.136152,0.12489492,0.15878942,2.7801095,1.3520229,0.13997175,0.105446,0.217949668,6.940085,0.1115489,0.3533,12.567928,0.11614737,0.4562126,2.3070541,1.814937,24.67461,0.8199317,55.8707,43.65445,12.216243,3.573476,12.704054,0.589,non-piscivorous,1,NA,NA,NA,3,littoral 1,19,2,NA,NA,,,66.41,NA,NA,NA,NA,NA,NA,NA,19,0.404,0.19,0.277,0.161,blue,blue,LP,NA,0.208,0.111,0.681,0.147,0.097,0.249040157,1.810918454,3.555375763,3.294724845,28.74415664,20.8,11.1,68.1
35,L35,littoral,NA,b7,11.9,,104,-27.92,10.81,3.267409,0.774,-1.00976279,1,1,LP,1.0579057,0.35059457,1.2790198,0.47137361,0.274942957,0.4317926,0.33933434,0.13065746,19.3307,0.350496,0.5903112,2.902938,0.4503868,0.4875048,0.17088925,0.9081541,0.2401552,6.237632,0.040610098,5.68829,3.287433,0.0453991,2.620775,0.09646321,0.170156,3.7810644,2.0930668,0.1145531,0.09275307,0.187952168,7.268976,0.12781918,0.4758926,13.933441,0.08305309,0.4576066,2.0698894,1.725847,20.38312,0.6595525,55.2956,42.52025,12.775355,3.328302,13.688773,0.604,non-piscivorous,1,NA,NA,NA,3,littoral 1,19,2,NA,NA,,,73.24,NA,NA,NA,NA,NA,NA,NA,19,0.439,0.19,0.277,0.163,blue,blue,LP,NA,0.182,0.102,0.716,0.132,0.092,0.250337772,1.916836842,2.804125368,3.311112327,28.4813679,18.2,10.2,71.6
36,L36,littoral,NA,b11,1.54,,54,-26.83,9.56,2.899967,0.412,-2.71489897,0,0,YOY,0.9780013,3.98898405,0.9434724,0.55371042,0.253180898,0.3886215,0.10462004,0.15056317,19.93579,0.3135982,0.5133291,3.007454,0.3799745,0.7519748,0.22290437,1.0816473,0.2754281,6.202676,0.029241148,5.182321,4.176256,0.01808439,2.384948,0.06696299,0.13426881,3.1338581,1.6148347,0.12313498,0.07136972,0.481031817,6.87958,0.07873745,0.3275836,13.728169,0.09285948,0.470579,2.4103658,2.068811,20.95005,0.4980058,54.66282,41.90205,12.760773,3.28366,13.967056,0.719,non-piscivorous,1,1,1,NA,3,littoral 0,18,NA,NA,NA,,,NA,NA,NA,NA,NA,NA,NA,NA,18,0.65,0.107,0.081,0.059,blue,blue,LP,NA,0.086,0.183,0.731,0.069,0.092,0.122188379,1.995495219,3.045251309,3.574185488,28.83516465,8.6,18.3,73.1
37,L37R,littoral,NA,b11,1.24,,53,-26.46,9.63,2.920692,0.36,-4.41784026,0,0,YOY,0.8329023,3.97029191,1.0664713,0.44576754,0.143961103,0.3515138,0.30818771,0.12195776,20.04739,0.2314463,0.393509,3.269134,0.3055173,0.6208351,0.13833876,1.104676,0.2076213,6.341126,0.009341863,4.676941,3.895559,0.02783111,2.370881,0.04414647,0.10324873,3.2204306,1.5216843,0.10537776,0.02611318,0.314636959,5.49594,0.08405778,0.296804,13.264571,0.07801693,0.387809,2.1547,1.645453,24.94295,0.2360508,55.80317,44.97595,10.827216,4.153972,13.043014,0.68,non-piscivorous,1,1,1,NA,3,littoral 0,18,NA,NA,NA,,,NA,NA,NA,NA,NA,NA,NA,NA,18,0.617,0.179,0.081,0.081,blue,blue,LP,NA,0.095,0.208,0.698,0.1,0.148,0.196473917,2.4135218,4.538432006,3.279384243,29.13871826,9.5,20.8,69.8
38,L38,littoral,NA,b11,1.47,,55,-26.49,9.19,2.790905,0.369,-3.67679588,0,0,YOY,0.8835462,4.00733319,1.0234059,0.65139065,0.310276473,0.4450803,0.28676925,0.17154006,19.03287,0.3052034,0.452258,3.486597,0.4219308,0.7969103,0.25800869,1.2377959,0.2337542,6.623364,0.057485389,4.813907,4.265392,0.02532938,2.486381,0.09171306,0.18491426,3.5060512,1.6945986,0.15482796,0.10782887,0.565254755,6.183081,0.12126612,0.385882,13.023344,0.13060258,0.3800674,2.1282623,1.699422,21.83528,0.4219537,54.19381,42.26585,11.927961,3.543426,14.169686,0.747,non-piscivorous,1,1,1,NA,3,littoral 0,18,NA,NA,NA,,,NA,NA,NA,NA,NA,NA,NA,NA,18,0.663,0.169,0.067,0.069,blue,blue,LP,NA,0.079,0.191,0.73,0.089,0.139,0.182543146,2.106287141,3.531456243,4.249484683,28.7396597,7.9,19.1,73
39,L39,littoral,NA,b11,1.7,,57,-26.64,9.31,2.827862,0.386,-0.732996,0,0,YOY,0.9179613,4.04305127,0.9839534,0.49214915,0.23582806,0.3587117,0.30643535,0.14433469,19.48016,0.2953558,0.4561111,2.971561,0.3493224,0.7404856,0.23036439,1.1855317,0.2497669,6.354879,0.051525842,4.792921,3.851473,0.01951657,2.494193,0.10785593,0.21965443,3.4301652,1.7225471,0.18027991,0.13465583,0.562555807,5.879052,0.13300553,0.3671416,13.791681,0.10324847,0.3260463,2.17745,1.806523,22.45943,0.554131,55.36944,43.71049,11.658951,3.749093,13.17221,0.739,non-piscivorous,1,1,1,NA,3,littoral 0,18,NA,NA,NA,,,NA,NA,NA,NA,NA,NA,NA,NA,18,0.657,0.165,0.073,0.074,blue,blue,LP,NA,0.082,0.187,0.73,0.089,0.136,0.180834178,2.345902196,3.82024687,3.80169657,28.75462011,8.2,18.7,73
40,L40,littoral,NA,b11,1.87,,60,-27.23,10.05,3.045034,0.451,-1.44318507,0,0,YOY,0.8657407,4.09434456,0.7871127,0.34864519,0.14884941,0.3359931,0.35643383,0.12035239,19.10483,0.2772275,0.4276375,2.370144,0.3853525,0.6055726,0.1976193,1.0501935,0.2151231,6.750565,0.063467957,4.748743,3.654446,0.03046499,2.333329,0.11345159,0.17981847,2.7659703,1.2267143,0.17665487,0.11288295,0.429784938,6.279346,0.11484413,0.3348573,12.209043,0.08849641,0.3409463,2.8830977,1.799078,26.01609,0.6168231,56.91292,44.4666,12.446322,3.57267,12.285489,0.683,non-piscivorous,1,1,1,NA,3,littoral 0,18,NA,NA,NA,,,NA,NA,NA,NA,NA,NA,NA,NA,18,0.626,0.179,0.111,0.109,blue,blue,LP,NA,0.102,0.161,0.737,0.105,0.119,0.209575762,1.944317609,4.143120956,3.27711091,28.40729717,10.2,16.1,73.7
41,L41,littoral,NA,b11,1.69,,57,-26.95,9.07,2.756104,0.429,-2.23261183,0,0,YOY,0.9125615,4.04305127,0.8453493,0.59110683,0.287942686,0.407555,0.30992874,0.15100878,19.22297,0.3254105,0.4970866,3.100607,0.4201049,0.7342531,0.23377158,1.0805157,0.2349141,6.283329,0.039177157,5.35734,4.173846,0.01897412,2.596266,0.08879123,0.14569252,3.4791014,1.56969,0.15579563,0.08624273,0.618945048,7.383556,0.08839188,0.3663957,14.212234,0.10759009,0.3973657,2.5404952,1.968147,19.46074,0.4193686,54.82702,41.1447,13.682321,3.007144,14.253703,0.791,non-piscivorous,1,1,1,NA,3,littoral 0,18,NA,NA,NA,,,NA,NA,NA,NA,NA,NA,NA,NA,18,0.702,0.156,0.069,0.07,blue,blue,LP,NA,0.07,0.159,0.771,0.08,0.123,0.170985379,1.92484949,2.635686653,3.884873646,28.19189595,7,15.9,77.1
42,L42,littoral,NA,b12,1.81,,58,-26.96,9.14,2.776755,0.43,-2.59294596,0,0,YOY,0.9276723,4.06044301,1.3985851,0.91774024,0.48946788,0.429,0.3146728,0.20451644,18.88379,0.3714382,0.6826134,3.780009,0.4191028,0.8855652,0.2991665,1.1060861,0.2941636,5.798287,0.072003037,5.393124,4.123157,0.03336239,2.882659,0.0910231,0.19574884,4.810319,2.834015,0.16985056,0.14434427,0.446331511,5.893389,0.14231699,0.543301,12.544607,0.13178461,0.4304675,2.1118705,1.736449,18.49617,0.4995045,53.06765,41.10718,11.960466,3.436921,15.313318,0.783,non-piscivorous,1,1,1,NA,3,littoral 0,18,NA,NA,NA,,,NA,NA,NA,NA,NA,NA,NA,NA,18,0.695,0.156,0.07,0.072,blue,blue,LP,NA,0.074,0.161,0.765,0.082,0.125,0.171813853,2.128589679,3.13846074,4.73723826,28.00840647,7.4,16.1,76.5
43,L43,littoral,NA,b12,1.58,,53,-27.02,9.8,2.971206,0.435,-2.58304132,0,0,YOY,1.0612788,3.97029191,1.0213445,0.61397257,0.290551169,0.4053552,0.09256768,0.1742276,19.46983,0.3276902,0.5595433,2.896569,0.3337617,0.7762596,0.24434552,1.154457,0.2466962,6.314324,0.055246816,5.187854,3.915602,0.01725318,2.323386,0.13493726,0.14980152,3.5438387,1.785006,0.1545649,0.11341428,0.481206658,6.188267,0.11322922,0.445511,12.997764,0.10205333,0.3622714,2.1976506,1.743507,22.53262,0.5335182,54.86406,43.16147,11.702583,3.6882,13.653632,0.698,non-piscivorous,1,1,1,NA,3,littoral 0,18,NA,NA,NA,,,NA,NA,NA,NA,NA,NA,NA,NA,18,0.634,0.174,0.097,0.095,blue,blue,LP,NA,0.095,0.174,0.731,0.098,0.129,0.198244798,2.100388364,3.641184196,3.886673599,28.75686619,9.5,17.4,73.1
44,L44,littoral,NA,b12,1.63,,58,-26.8,9.67,2.932583,0.409,-2.41606785,0,0,YOY,0.8354176,4.06044301,0.8257874,0.5160105,0.19211796,0.3787432,0.27137921,0.12828191,19.71977,0.2715899,0.3919904,2.774057,0.3590963,0.6755517,0.12795696,1.0588583,0.1393104,6.405403,0,4.304353,3.876576,0.02869447,2.219491,0.05438987,0.05100653,2.8564872,1.407601,0.08248642,0.02704698,0.584833245,6.216959,0,0.2844951,12.770056,0,0.3599359,2.6207741,1.540137,26.12575,0.3530185,57.03753,44.98453,12.053,3.732227,12.172714,0.696,non-piscivorous,1,1,1,NA,3,littoral 0,18,NA,NA,NA,,,NA,NA,NA,NA,NA,NA,NA,NA,18,0.638,0.174,0.088,0.086,blue,blue,LP,NA,0.093,0.182,0.726,0.098,0.134,0.194092761,2.054067913,4.202335901,3.40328961,28.52543819,9.3,18.2,72.6
45,L45,littoral,NA,b12,1.46,,56,-27.03,9.48,2.877604,0.439,-3.19300313,0,0,YOY,0.8313593,4.02535169,0.8125249,0.4711793,0.220315401,0.3955932,0.31217035,0.15420765,19.36518,0.3355715,0.5031812,2.588866,0.4088864,0.698835,0.21590479,1.0551662,0.2273592,6.449892,0.053624276,5.370519,4.081718,0.02965893,2.163322,0.12903931,0.14415956,3.0149209,1.4128006,0.1990305,0.07672255,0.671443138,7.224826,0.09663151,0.4017351,14.753463,0.09790446,0.5110616,2.2778917,2.03935,20.59198,0.4433612,55.30359,42.31088,12.992704,3.256511,13.676107,0.739,non-piscivorous,1,1,1,NA,3,littoral 0,18,NA,NA,NA,,,NA,NA,NA,NA,NA,NA,NA,NA,18,0.667,0.166,0.085,0.087,blue,blue,LP,NA,0.082,0.166,0.752,0.091,0.123,0.187416648,2.042050978,2.850169679,3.652411201,28.50433057,8.2,16.6,75.2
46,L46,littoral,NA,b12,22.1,,129,-24.83,11.72,3.535289,0.658,-0.84242353,2,2,LL,1.0294924,0.23898875,0.6912427,0.17549397,0.046242703,0.442516,0.41994948,0.08445075,19.60651,0.166795,0.3636495,3.081601,0.5380901,0.2604191,0.14867028,0.8656209,0.3351631,7.353438,0.077652239,4.416132,4.852885,0.04745847,2.517621,0.21407609,0.14538383,1.9048606,0.4014111,0.18049676,0.09055989,0.093906137,9.019777,0.0961173,0.20634,16.624568,0.1009654,0.5321325,1.1488026,2.675778,19.48955,0.5836703,54.85625,41.39863,13.457623,3.076221,13.969986,0.366,non-piscivorous,NA,1,NA,NA,2,littoral 2,17,1,NA,NA,,,61.17,101.58,NA,NA,NA,NA,NA,NA,17,0.123,0.108,0.087,0.094,green3,black,Pisc,1,0.411,0.379,0.21,0.227,0.206,0.143178211,1.843124059,2.160757411,2.657439273,29.45486585,41.1,37.9,21
47,L47G,littoral,NA,b10,34.25,,148,-26.48,11.9,3.587598,0.48,-1.03191339,3,3,LL,1.0565144,0.0906192,0.5363153,0.12463108,0.039082266,0.3516007,0.50168463,0.07784868,20.3109,0.2094988,0.3897118,1.715853,0.4250762,0.3167066,0.08287037,0.6665586,0.1910308,7.351626,0.032876735,3.900307,3.058824,0.03540333,1.543411,0.14387678,0.0828881,1.238142,0.4262664,0.13102218,0.09232504,0.110574445,8.978176,0.09838779,0.2116083,13.137827,0.06682377,0.4607326,1.796262,3.087451,27.2036,0.872219,58.37533,45.40329,12.972044,3.500087,10.050907,0.373,piscivorous,1,1,NA,1,2,littoral 3,15,NA,NA,NA,,,67.86,103.12,135.18,NA,NA,NA,NA,NA,15,0.23,0.163,0.214,0.159,blue,black,Pisc,1,0.414,0.142,0.444,0.215,0.143,0.227705951,1.463306912,3.029969562,2.304859706,29.55872333,41.4,14.2,44.4
48,L48G,littoral,NA,b10,38.6,,150,-26.76,12.3,3.707269,0.537,-1.71300616,3,3,LL,1.1437037,0.13604104,0.580157,0.09087648,0.021301692,0.2762739,0.44380215,0.06166227,21.36877,0.1596943,0.4346757,2.497651,0.4106012,0.2669567,0.09319796,0.5225814,0.2118097,7.167169,0.040591803,4.90856,3.029442,0.04525946,1.640533,0.12215341,0.09163859,0.9317571,0.3163374,0.13127792,0.13884644,0.069083471,8.154605,0.08144421,0.180309,11.104483,0.06083194,0.5075109,2.2009386,2.19953,28.50448,0.9332056,55.98265,43.31834,12.66431,3.420505,11.87713,0.335,piscivorous,1,1,NA,1,2,littoral 3,15,NA,NA,NA,,,57.78,83.22,130.92,NA,NA,NA,NA,NA,15,0.202,0.154,0.239,0.176,blue,black,Pisc,1,0.438,0.12,0.441,0.215,0.122,0.233863208,1.361743825,3.49550714,1.898805962,30.22921457,43.8,12,44.1
49,L49G,littoral,NA,b10,40.06,,156,-24.93,12,3.616999,0.247,-2.11790735,3,3,LL,1.0552058,0.14335068,0.5106418,0.0739966,0.013383738,0.2665652,0.65337322,0.07550719,20.24686,0.1515706,0.311435,3.889277,0.5272046,0.1995072,0.08139653,0.7546964,0.2150661,7.202494,0.090026216,4.784064,3.919994,0.06092202,2.163663,0.14419252,0.18176969,0.8584911,0.2785488,0.12694347,0.15073688,0.044921713,8.399713,0.0870612,0.1597056,14.598468,0.0934357,0.5763527,1.3387052,3.714419,22.3056,0.7492873,54.70742,42.0023,12.705126,3.305933,14.100296,0.26,piscivorous,1,1,NA,1,2,littoral 3,15,NA,NA,NA,,,67.86,104.72,135.17,NA,NA,NA,NA,NA,15,0.114,0.087,0.099,0.082,green3,black,Pisc,1,0.441,0.345,0.213,0.161,0.145,0.119553335,1.737972238,2.655519302,2.262618598,29.34582909,44.1,34.5,21.3
50,L50,littoral,NA,b10,43.03,,156,-25.94,10.48,3.169615,0.371,-1.33255001,3,3,LL,1.1334374,0.16997218,0.5160621,0.05404916,0.009912708,0.3262205,1.40634204,0.11867139,19.87503,0.1881598,0.2981714,1.816245,0.3344449,0.433418,0.18065749,0.6636878,0.171212,7.365506,0.399089497,3.525799,2.81749,0.05900417,1.657292,0.12918339,0.1016053,0.7604041,0.1237788,0.10953744,0.1317824,0.063511449,12.337471,0.22368428,0.1449966,14.993361,0.05103091,1.0368124,1.6765812,4.990645,20.39188,0.5172684,58.50203,41.62875,16.873273,2.467142,9.741398,0.517,non-piscivorous,1,1,NA,NA,2,littoral 3,15,NA,NA,NA,,,66.08,107.23,131.62,NA,NA,NA,NA,NA,15,0.226,0.187,0.121,0.116,green3,black,Pisc,1,0.319,0.333,0.347,0.213,0.195,0.220056811,1.215270212,1.65284117,3.322142478,29.03625814,31.9,33.3,34.7
51,L51,littoral,NA,b10,77.93,,192,-25.13,12.42,3.742126,0.505,-3.55546174,> 3,4,Lold,1.1010347,0.12132764,0.5234393,0.0956321,0.020273266,0.3142659,0.61623006,0.10634446,19.99874,0.1565805,0.4838288,3.27635,0.3642765,0.3702972,0.230684,0.6006007,0.2714998,7.285735,0.11387736,5.327356,3.63926,0.05252124,2.222381,0.20080767,0.13250585,0.8634492,0.1782819,0.14061383,0.18088167,0.057099757,8.586947,0.13055884,0.1268513,9.883187,0.06926771,0.649289,1.8621807,2.809872,27.34427,0.7137639,54.84687,41.33647,13.510403,3.059603,13.866431,0.228,piscivorous,NA,NA,1,1,2,littoral 4,25,NA,NA,NA,,,70.35,110.23,130.18,170.06,NA,NA,NA,NA,4,0.086,0.098,0.098,0.11,green3,black,Pisc,1,0.525,0.291,0.184,0.235,0.197,0.147322775,1.150954699,3.184399531,2.555135356,29.13347011,52.5,29.1,18.4
52,L52,littoral,NA,b2,247.2,,259,-22.83,12.75,3.837496,0.391,1.25815677,> 3,6,Lold,1.4228174,0.08598729,0.725875,0.09084646,0.017442483,0.2483503,0.42762254,0.09899558,21.85038,0.1206961,0.5694565,5.128351,0.228414,0.3911778,0.25916239,0.6378771,0.2752671,6.37907,0.16363866,7.107207,3.151116,0.06874989,2.190671,0.19548609,0.15212865,0.9215341,0.2126669,0.16971305,0.35770532,0.008845045,8.124334,0.15813165,0.1517253,10.842626,0.0827934,0.8781941,1.8860564,3.159513,21.9633,0.6048806,50.64972,37.40949,13.240229,2.825442,17.170602,0.124,piscivorous,NA,NA,NA,1,2,littoral 6,25,NA,NA,NA,,,71.68,104.88,116.73,152.3,202.09,237.66,NA,NA,8,0.04,0.048,0.035,0.046,green3,black,Pisc,1,0.517,0.408,0.075,0.265,0.258,0.066483081,1.334586441,2.70339698,2.366960743,30.28954494,51.7,40.8,7.5
53,L53,littoral,NA,b2,109,,193,-23.52,11.68,3.522503,0.304,0.49645462,> 3,4,Lold,1.5161933,0.12407794,0.9010167,0.1378326,0.032084183,0.3033347,0.66868014,0.1237497,21.925,0.1570401,0.5072617,5.361636,0.3346986,0.4749648,0.33150601,0.7348253,0.3495093,6.491425,0.204947081,7.535619,3.343156,0.10291255,2.599992,0.20767152,0.19619828,1.153662,0.2905116,0.16688441,0.34858633,0.053599563,8.737467,0.19331739,0.1624091,11.963243,0.12169558,0.8568595,1.579697,3.263425,17.43583,0.64775,48.48621,34.4624,14.023813,2.45742,18.245366,0.201,piscivorous,NA,NA,1,1,2,littoral 4,25,NA,NA,NA,,,92.68,115.2,152.05,170.48,NA,NA,NA,NA,4,0.067,0.076,0.06,0.069,green3,black,Pisc,1,0.426,0.448,0.127,0.252,0.239,0.10264989,1.369188919,1.995524561,3.014648953,30.85185321,42.6,44.8,12.7
54,L54,littoral,NA,b2,106.4,,212,-24.11,11.76,3.547004,0.335,-2.11888815,> 3,5,Lold,1.1166936,0.09026915,0.6559047,0.08290068,0.016284258,0.2700225,0.80559162,0.09708894,21.75332,0.1634567,0.5177712,3.979609,0.2901502,0.3531626,0.24034094,0.5155776,0.2805787,6.746881,0.135431335,7.083792,2.99655,0.06054131,2.46192,0.1844428,0.1295702,0.9113558,0.1747401,0.17995172,0.29446079,0,8.874934,0.14704949,0.1281119,10.278033,0.09638189,0.8509892,2.0939621,2.831537,22.53872,0.7788872,51.42092,37.00954,14.411375,2.568079,15.802341,0.232,piscivorous,NA,NA,NA,1,2,littoral 5,25,NA,NA,NA,,,67.64,116.44,151,177.44,193.7,NA,NA,NA,3,0.078,0.089,0.068,0.078,green3,black,Pisc,1,0.493,0.36,0.146,0.253,0.234,0.118342723,1.158096838,2.53959297,2.565411938,30.40248221,49.3,36,14.6
55,L55,littoral,NA,b2,130.59,,224,-25.24,13.19,3.967985,0.472,1.06228061,> 3,5,Lold,1.1618923,0.23116362,0.8993348,0.10240265,0.027201084,0.2851805,0.44457337,0.10007961,21.72492,0.1597706,0.6250057,4.742694,0.2688394,0.3951601,0.28606735,0.5966793,0.3075932,6.524718,0.0818384,7.709634,3.062987,0.04869011,1.907972,0.15978554,0.11118986,0.983553,0.2611637,0.17882912,0.35635625,0.047990356,7.625916,0.1317915,0.1297481,8.546413,0.07295169,0.5895875,2.2172652,2.111288,25.25516,0.9196638,49.91904,37.41912,12.499921,2.993549,17.363409,0.165,piscivorous,NA,NA,NA,1,2,littoral 5,25,NA,NA,NA,,,67.33,93.01,118.7,154.65,177.77,NA,NA,NA,3,0.073,0.085,0.091,0.105,green3,black,Pisc,1,0.63,0.205,0.164,0.21,0.157,0.135092561,1.120706417,3.311754286,2.397129504,30.44239895,63,20.5,16.4
56,L56,littoral,NA,b2,173.09,,240,-22.68,12.35,3.721203,0.371,-0.15675444,> 3,6,Lold,1.2520978,0.22257288,0.9387157,0.17771173,0.045465114,0.3271186,0.37870416,0.14108577,20.56239,0.139413,0.5116594,7.669702,0.3123644,0.4582689,0.36727793,1.0168581,0.410708,5.736531,0.169332448,9.188065,4.190259,0.07401293,3.267986,0.2072102,0.20503114,1.6201709,0.3917007,0.15548995,0.3509953,0,7.334703,0.16813817,0.1357082,10.746346,0.09761395,0.8271667,1.2495924,3.240399,16.58422,0.6018806,45.77116,32.88668,12.884479,2.552426,23.016511,0.133,piscivorous,NA,NA,NA,1,2,littoral 6,25,NA,NA,NA,,,65.2,93.93,120.27,141.82,168.16,192.11,NA,NA,8,0.04,0.05,0.037,0.05,green3,black,Pisc,1,0.468,0.455,0.077,0.267,0.261,0.070710678,1.465137171,2.261062241,3.119700504,29.0419275,46.8,45.5,7.7
57,P01R,pelagic,NA,b13,14.6,m,111,-27.65,11,3.324653,0.607,0.35629934,1,1,P,1.0675394,0.30242421,1.3315184,0.4786554,0.282420883,0.4498777,0.35263212,0.13740124,22.09162,0.3425552,0.6147908,2.706504,0.4640397,0.4211614,0.15550986,0.8554333,0.2708394,5.503733,0.041821893,5.30369,2.776439,0.03253289,2.147228,0.09173567,0.15705469,3.5577527,2.1717919,0.1117788,0.07080407,0.179649204,6.870353,0.13333673,0.4950028,15.049215,0.08500286,0.4555872,1.4333126,1.823042,20.09666,0.4575126,54.56999,43.32681,11.243185,3.853606,12.624018,0.666,non-piscivorous,NA,NA,1,NA,3,pelagic 1,1,NA,NA,NA,P16,P01R,82.03,NA,NA,NA,NA,NA,NA,NA,1,0.428,0.119,0.273,0.102,cyan,cyan,PP,NA,0.174,0.125,0.701,0.087,0.072,0.156732256,2.190457317,2.925127719,3.224827573,30.52069973,17.4,12.5,70.1
58,P02,pelagic,NA,b10,14,m,111,-27.29,11.16,3.369564,0.606,1.17559441,1,1,P,1.0236679,0.1664242,1.1054568,0.41699828,0.231805252,0.39185,0.40294189,0.12225569,19.91811,0.334153,0.5922725,2.700704,0.4225853,0.4322529,0.14110894,0.8224131,0.2340143,6.415635,0.050300495,5.342293,3.078607,0.04034128,2.075605,0.11978141,0.14552744,3.1387161,1.742488,0.13222897,0.10173786,0.205670167,7.214181,0.14855862,0.4757604,13.613569,0.10887526,0.4753126,1.7156452,2.155698,22.62928,0.6052729,55.73601,43.90407,11.831942,3.710639,12.897009,0.646,non-piscivorous,NA,NA,1,NA,3,pelagic 1,1,NA,NA,NA,P11,P02,93.98,NA,NA,NA,NA,NA,NA,NA,1,0.372,0.187,0.28,0.156,cyan,cyan,PP,NA,0.205,0.143,0.652,0.148,0.115,0.243526179,1.887056757,3.136777411,3.081407462,29.01435054,20.5,14.3,65.2
59,P03,pelagic,NA,b9,15,m,111,-27.43,10.89,3.290577,0.605,3.08149016,1,1,P,1.0967871,0.27041637,1.0556025,0.3983845,0.212145101,0.4026583,0.32260204,0.11664035,19.88889,0.3058099,0.5616135,2.438167,0.4301129,0.4083051,0.14540242,0.8521043,0.2271666,6.654369,0.049883457,5.164281,3.053888,0.04271091,2.116947,0.11131068,0.15888844,3.4148036,1.8902092,0.13276625,0.08018075,0.183112044,6.978612,0.1227032,0.4882115,13.905077,0.07886729,0.4533084,1.7829873,1.837713,23.03727,0.4962917,56.36984,44.69599,11.673855,3.828726,12.353815,0.655,non-piscivorous,NA,NA,1,NA,3,pelagic 1,1,NA,NA,NA,P12,P03,84.7,NA,NA,NA,NA,NA,NA,NA,1,0.42,0.19,0.27,0.156,cyan,cyan,PP,NA,0.178,0.132,0.69,0.135,0.107,0.245837345,1.992527597,3.301124923,2.969552791,29.17656832,17.8,13.2,69
60,P04,pelagic,NA,b9,15.74,m,111,-27.22,11.19,3.378969,0.605,2.33634824,1,1,P,1.1508952,0.25331292,1.1485096,0.38495983,0.199507695,0.406262,0.29883502,0.10558049,20.66291,0.2991316,0.5763615,2.397944,0.4234755,0.3806512,0.14913335,0.8138264,0.2255953,6.19062,0.04881782,4.834357,2.679639,0.046505,1.958897,0.09792545,0.13000102,3.045766,1.7408034,0.13463771,0.08440544,0.158267604,7.23512,0.13752196,0.506923,14.452967,0.0884199,0.4422816,1.6832656,2.051337,23.16596,0.6128681,56.70912,45.10128,11.607834,3.885418,11.616232,0.672,non-piscivorous,NA,NA,1,NA,3,pelagic 1,1,NA,NA,NA,P14,P04,86.16,NA,NA,NA,NA,NA,NA,NA,1,0.376,0.187,0.273,0.156,cyan,cyan,PP,NA,0.21,0.142,0.649,0.154,0.117,0.243526179,1.997612617,3.201876403,2.836681435,29.54311106,21,14.2,64.9
61,P06,pelagic,NA,b9,14.56,f,112,-27.56,10.97,3.314517,0.606,1.4795858,1,1,P,1.036352,0.17790164,1.1222062,0.41063801,0.232096479,0.4171856,0.39551085,0.10854589,19.22288,0.3464034,0.6050063,2.507487,0.449289,0.4085741,0.12608267,0.8380116,0.2539307,6.534976,0.053303418,5.664454,3.125889,0.04202438,2.20529,0.12366383,0.15849852,3.1322786,1.7472026,0.14869787,0.08983018,0.1629294,7.437064,0.11817,0.4252434,13.29453,0.10414071,0.3986157,1.7740566,1.957411,22.91314,0.944744,55.72443,43.58798,12.136454,3.591492,13.137618,0.662,non-piscivorous,NA,NA,1,NA,3,pelagic 1,1,NA,NA,NA,p29,P06,93.75,NA,NA,NA,NA,NA,NA,NA,1,0.415,0.192,0.282,0.16,cyan,cyan,PP,NA,0.176,0.127,0.697,0.136,0.106,0.24992799,1.787604625,3.08093893,3.060309029,28.51176181,17.6,12.7,69.7
62,P07,pelagic,NA,b8,14.48,f,111,-27.14,10.84,3.277094,0.605,0.49177251,1,1,P,1.0587651,0.1664242,1.1574693,0.40214116,0.235259583,0.3957159,0.30079805,0.11528556,19.43965,0.3168862,0.5338884,2.378132,0.392127,0.3974405,0.13921252,0.8538886,0.2170458,6.663358,0.042297758,5.563696,3.269843,0.03912725,2.308122,0.11854346,0.15680342,3.3183218,1.8398161,0.17690864,0.08919299,0.169205154,7.382544,0.12842292,0.4771155,14.129273,0.09277374,0.4687785,1.8044707,2.188267,21.7149,0.5832852,56.08604,43.79611,12.289924,3.563579,12.842237,0.663,non-piscivorous,NA,NA,1,NA,3,pelagic 1,1,NA,NA,NA,P21,P07,93.98,NA,NA,NA,NA,NA,NA,NA,1,0.421,0.194,0.244,0.15,cyan,cyan,PP,NA,0.188,0.147,0.665,0.145,0.12,0.245226426,1.913875894,2.941384433,2.958285333,28.89830764,18.8,14.7,66.5
63,P08,pelagic,NA,b8,14.7,f,109,-27.26,10.66,3.222078,0.605,0.07032458,1,1,P,1.1351097,0.27900178,1.099573,0.4330997,0.23606343,0.4008175,0.33999587,0.1173885,20.228,0.3074665,0.5021952,2.433401,0.4410732,0.4088274,0.1508561,0.8320482,0.2501522,6.46873,0.045955024,4.845257,2.948189,0.03949019,1.977566,0.11266222,0.11749044,3.1230761,1.6884289,0.15338047,0.08703661,0.164555216,7.444111,0.14966158,0.4908879,14.573593,0.09502173,0.4988952,1.7137492,2.045366,22.42549,0.6104488,56.41287,44.4965,11.916367,3.734066,11.900216,0.616,non-piscivorous,NA,NA,1,NA,3,pelagic 1,1,NA,NA,NA,P25,P08,82.46,NA,NA,NA,NA,NA,NA,NA,1,0.451,0.195,0.234,0.146,cyan,cyan,PP,NA,0.176,0.138,0.685,0.139,0.116,0.243600082,1.95773451,3.012514187,3.03175892,29.39023312,17.6,13.8,68.5
64,P09,pelagic,NA,b8,13.63,m,110,-27.5,10.75,3.249329,0.606,2.47466881,1,1,P,1.0240421,0.37944566,1.3564486,0.57626689,0.332345859,0.4469634,0.32639603,0.15425493,19.09311,0.3375211,0.5926947,3.164239,0.4851388,0.5195633,0.20261758,0.8933239,0.2553409,5.953648,0.065176799,5.585018,3.132398,0.0549769,2.328542,0.11668545,0.17795957,3.7420794,2.160393,0.15596853,0.09551215,0.275208818,7.108388,0.14934607,0.5004323,13.753713,0.10366459,0.4906499,1.8495783,1.733858,21.15389,0.5766818,55.42404,43.19372,12.230327,3.531689,13.768017,0.683,non-piscivorous,NA,NA,1,NA,3,pelagic 1,1,NA,NA,NA,P26,P09,75.27,NA,NA,NA,NA,NA,NA,NA,1,0.45,0.193,0.252,0.151,cyan,cyan,PP,NA,0.169,0.129,0.702,0.132,0.109,0.245051015,1.93485682,2.975905367,3.568417339,28.11981247,16.9,12.9,70.2
65,P10R,pelagic,NA,b13,13,f,105,-27.24,11.04,3.333942,0.606,1.04647031,1,1,P,1.1229889,0.2019427,1.2043438,0.4348843,0.246933737,0.4258173,0.34395523,0.13425755,21.61958,0.3252478,0.5784135,2.778336,0.4759404,0.4155952,0.15216885,0.8119699,0.2645267,5.55752,0.037540556,5.079764,2.820257,0.03543274,2.137337,0.11270203,0.1477435,3.3159167,1.9391316,0.11426383,0.07633924,0.193772919,7.060259,0.13719398,0.4594022,14.488732,0.09552748,0.4558693,1.669106,1.872297,21.45089,0.5310243,55.32766,43.66357,11.664088,3.743419,12.471798,0.638,non-piscivorous,NA,NA,1,NA,3,pelagic 1,1,NA,NA,NA,P10R,P10R,85.8,NA,NA,NA,NA,NA,NA,NA,1,0.396,0.191,0.268,0.157,cyan,cyan,PP,NA,0.196,0.14,0.664,0.147,0.114,0.247244818,2.052153044,3.038258228,3.078284097,29.94172434,19.6,14,66.4
66,P11,pelagic,NA,b8,12.19,f,100,-24.53,9.12,2.769491,0.592,1.3550255,1,1,P,1.219,0.32288261,0.8483363,0.35514708,0.147631591,0.484911,1.12364091,0.25353493,19.35589,0.3161327,0.4487665,2.95839,0.4470439,0.8747444,0.4714977,1.1485543,0.3763778,7.325451,0.460656825,3.896245,4.293426,0.114338,2.062931,0.25234482,0.15986387,1.7023577,0.701669,0.19077812,0.10876659,0.081567301,7.305732,0.32268187,0.3833092,15.610959,0.13915079,0.6298545,1.2100988,4.892003,17.93491,0.6103046,52.99794,41.54789,11.450048,3.628622,13.420144,0.641,non-piscivorous,NA,NA,1,NA,1,pelagic 1,1,NA,NA,NA,P19,P11,72.41,NA,NA,NA,NA,NA,NA,NA,1,0.222,0.17,0.05,0.054,aquamarine4,aquamarine4,PB,NA,0.125,0.603,0.272,0.127,0.193,0.178370401,2.1368097,2.454909378,5.112006731,29.74541633,12.5,60.3,27.2
67,P12,pelagic,NA,b9,11.45,m,102,-27.32,11.13,3.36287,0.604,1.82934023,1,1,P,1.0789591,0.35680495,1.2563588,0.47854762,0.272595496,0.4149041,0.3719062,0.14066694,19.96315,0.3109122,0.6570039,2.796186,0.4238473,0.5342443,0.18642078,0.9234656,0.3175649,6.302605,0.069822977,5.936028,3.055885,0.04959764,2.349101,0.09957015,0.17399957,3.5817681,2.1349414,0.16065403,0.11153264,0.177520965,6.846108,0.14711358,0.4590588,14.419777,0.10873636,0.4555984,1.9827523,1.597442,20.04712,0.6855021,54.3723,42.38722,11.98508,3.536665,13.728381,0.655,non-piscivorous,NA,NA,1,NA,3,pelagic 1,1,NA,NA,NA,P24,P12,71.39,NA,NA,NA,NA,NA,NA,NA,1,0.38,0.187,0.278,0.156,cyan,cyan,PP,NA,0.201,0.141,0.658,0.149,0.116,0.243526179,2.106273667,2.928250621,3.422321186,29.22944404,20.1,14.1,65.8
68,P13,pelagic,NA,b7,20.17,m,124,-28.22,10.55,3.190342,0.609,1.26664918,1,1,P,1.0578908,0.40684061,1.384104,0.42432706,0.24822516,0.4438573,0.44075296,0.14804813,19.61855,0.3700545,0.6415646,3.143081,0.5066869,0.4279365,0.14781224,0.8001991,0.2952003,6.14568,0.057642906,5.692297,3.229312,0.05016484,2.530494,0.12743979,0.16322973,3.4829958,1.9169267,0.17934778,0.13687139,0.118065113,8.523822,0.15871538,0.5200808,14.477438,0.10331247,0.5992539,1.6934735,2.236981,17.81904,0.9970119,54.24052,40.61218,13.628338,2.979981,14.122876,0.676,non-piscivorous,NA,NA,1,NA,3,pelagic 1,1,NA,NA,NA,P23,P13,82.55,NA,NA,NA,NA,NA,NA,NA,1,0.486,0.194,0.286,0.166,cyan,cyan,PP,NA,0.132,0.096,0.772,0.108,0.084,0.255327241,1.698467894,2.09049884,3.20859824,28.80249044,13.2,9.6,77.2
69,P14,pelagic,NA,b7,12.11,f,102,-26.95,10.76,3.2536,0.602,2.67144561,1,1,P,1.1411523,0.25832425,1.4802109,0.622953,0.356345076,0.4627733,0.09512003,0.16044505,19.66613,0.3337201,0.6763008,3.404611,0.4437028,0.5598336,0.21944656,0.9092435,0.2811291,6.14642,0.05836705,5.777553,3.355209,0.05278258,2.315484,0.12506994,0.19109833,3.7002897,2.2784236,0.17997228,0.113227,0.224912056,7.123859,0.12368356,0.4526068,14.513743,0.11454481,0.5022432,1.5550174,1.985673,18.91288,0.5249837,53.87991,41.9673,11.912613,3.522929,14.496602,0.635,non-piscivorous,NA,NA,1,NA,3,pelagic 1,1,NA,NA,NA,P08,P14,78.78,NA,NA,NA,NA,NA,NA,NA,1,0.422,0.188,0.225,0.137,cyan,cyan,PP,NA,0.192,0.16,0.647,0.148,0.129,0.232622011,2.037342822,2.654864449,3.511230056,29.08436473,19.2,16,64.7
70,P15,pelagic,NA,b7,15.1,m,112,-27.08,10.76,3.252119,0.604,3.34737437,1,1,P,1.0747882,0.28901538,1.1755294,0.45305641,0.246497792,0.407834,0.0209424,0.10962877,20.09169,0.2924203,0.54267,2.540657,0.3685258,0.4846062,0.15040331,0.8456801,0.2255845,6.527761,0.047639632,5.418989,3.085193,0.03738557,2.095202,0.09116438,0.14198016,3.3813057,1.9399386,0.1388706,0.08744417,0.122175704,7.446127,0.18603224,0.460958,15.094326,0.1051146,0.5193274,1.6968944,1.877142,20.80485,0.7384545,55.76626,43.74455,12.021706,3.638797,12.646509,0.62,non-piscivorous,NA,NA,1,NA,3,pelagic 1,1,NA,NA,NA,P27,P15,83.89,NA,NA,NA,NA,NA,NA,NA,1,0.429,0.194,0.235,0.144,cyan,cyan,PP,NA,0.184,0.152,0.664,0.143,0.123,0.24160298,2.027137866,2.794049846,2.809813362,29.38364408,18.4,15.2,66.4
71,P16,pelagic,NA,b7,11.77,m,99,-27.78,10.71,3.238039,0.607,-0.25259491,1,1,P,1.2130281,0.3520457,1.4293267,0.46717618,0.277787416,0.4402463,0.33169817,0.13560773,19.90933,0.3332607,0.6090509,2.906097,0.4422708,0.4561388,0.16780455,0.8523806,0.2638202,6.015632,0.053791982,5.676122,3.109469,0.04414303,2.455254,0.10492946,0.18826101,3.7136782,2.2184517,0.14550758,0.09334394,0.164734002,6.665695,0.15128344,0.5244576,13.420575,0.10667453,0.5304074,1.7899648,1.994693,21.10742,0.7035108,54.92488,43.13056,11.794316,3.656894,13.53137,0.671,non-piscivorous,NA,NA,1,NA,3,pelagic 1,1,NA,NA,NA,P09,P16,69.62,NA,NA,NA,NA,NA,NA,NA,1,0.457,0.192,0.27,0.158,cyan,cyan,PP,NA,0.157,0.116,0.727,0.124,0.1,0.248652368,2.0133797,3.166574528,3.233769206,29.00402717,15.7,11.6,72.7
72,P17,pelagic,NA,b7,14.82,f,112,-27.83,11.18,3.376648,0.608,-0.47741425,1,1,P,1.0548583,0.19370361,1.0022993,0.30000945,0.149149335,0.4359725,0.37338712,0.11071801,20.24988,0.3267818,0.4966639,1.952737,0.410895,0.3268124,0.1293027,0.8174749,0.2274175,6.776695,0.045747244,4.360213,2.811897,0.03669769,2.077956,0.12657143,0.14799303,2.7845814,1.4652373,0.14388752,0.08755579,0.140152384,7.61914,0.1234375,0.451467,14.171437,0.090765,0.4602219,1.8952046,2.408407,23.77545,0.6897861,57.52068,45.18001,12.340668,3.661067,10.756607,0.603,non-piscivorous,NA,NA,1,NA,3,pelagic 1,1,NA,NA,NA,P20,P17,92.28,NA,NA,NA,NA,NA,NA,NA,1,0.389,0.192,0.319,0.171,cyan,cyan,PP,NA,0.178,0.114,0.708,0.14,0.096,0.257108926,1.859978554,3.120489977,2.769397845,29.64354565,17.8,11.4,70.8
73,P18,pelagic,NA,b9,15.89,f,112,-27.58,11.06,3.340187,0.607,-0.83081133,1,1,P,1.1310188,0.21028153,1.295017,0.46934563,0.260995496,0.4323803,0.4395662,0.14289578,19.71977,0.3362435,0.5900443,2.837749,0.4393022,0.4510463,0.18159808,0.9198849,0.3129875,6.558013,0.05969831,5.627328,3.083751,0.04823181,2.269131,0.13528722,0.17284348,3.4912203,1.9577619,0.13999497,0.10918239,0.111417613,7.038362,0.15709644,0.4931528,13.941902,0.11760206,0.5027093,1.7500058,2.10273,20.60998,0.6937655,54.59831,42.75384,11.84447,3.609604,13.444519,0.65,non-piscivorous,NA,NA,1,NA,3,pelagic 1,1,NA,NA,NA,P01R,P18,90.76,NA,NA,NA,NA,NA,NA,NA,1,0.399,0.191,0.29,0.163,cyan,cyan,PP,NA,0.183,0.127,0.689,0.14,0.108,0.251097591,1.980844691,2.928235291,3.432999906,29.31794945,18.3,12.7,68.9
74,P19,pelagic,NA,b6,14.06,m,107,-27.33,10.82,3.27007,0.605,-0.7535612,1,1,P,1.1477148,0.26977667,1.2073093,0.44515971,0.247120252,0.4239293,0.37095338,0.13440403,20.08292,0.3168752,0.5588188,2.475533,0.4302562,0.4368623,0.15717973,0.8702094,0.2534182,6.507516,0.048943437,5.151903,3.059449,0.04057169,2.18305,0.10197187,0.14638732,3.4832652,1.9735249,0.13922146,0.10422553,0.202819872,6.874088,0.13959897,0.4434341,14.292344,0.08583701,0.3957545,1.8866393,1.94579,21.73221,0.6505041,55.6989,44.01017,11.688739,3.765177,12.439994,0.409,non-piscivorous,NA,NA,1,NA,3,pelagic 1,1,1,NA,NA,P02,P19,81.7,NA,NA,NA,NA,NA,NA,NA,1,0.428,0.192,0.254,0.15,cyan,cyan,PP,NA,0.179,0.138,0.682,0.139,0.113,0.243647286,2.07916221,3.16146811,3.187789972,29.41891434,17.9,13.8,68.2
75,P20,pelagic,NA,b6,13.88,m,110,-27.4,10.65,3.220656,0.605,-0.66886386,1,1,P,1.0428249,0.27519843,1.1202728,0.46911527,0.256278679,0.4097159,0.31902744,0.11055502,19.94588,0.3405399,0.5288859,2.468205,0.4652108,0.4383049,0.12230284,0.8410183,0.2461146,6.325322,0.037539794,4.82767,2.97691,0.03610249,2.100986,0.10590464,0.14206273,3.3987128,1.9495889,0.14704128,0.07330038,0.190031893,7.679342,0.14064746,0.4798154,14.877686,0.10034454,0.494648,1.682212,2.167459,21.3355,0.6497494,56.63869,44.34941,12.289282,3.608787,12.000479,0.684,non-piscivorous,NA,NA,1,NA,3,pelagic 1,1,NA,NA,NA,P03,P20,83.54,NA,NA,NA,NA,NA,NA,NA,1,0.454,0.194,0.246,0.15,cyan,cyan,PP,NA,0.168,0.132,0.7,0.135,0.111,0.245226426,1.937364686,2.778297932,3.072222989,28.99549946,16.8,13.2,70
76,P21,pelagic,NA,b6,13.2,f,103,-27.67,11.13,3.362042,0.607,-1.05631434,1,1,P,1.207987,0.33283084,1.2849193,0.46158694,0.245990675,0.4081906,0.37533677,0.12743695,20.11213,0.3183185,0.6185674,2.926802,0.3751822,0.4775097,0.1918139,0.916455,0.3149862,6.402496,0.052197058,5.918326,2.985761,0.04213228,2.224054,0.1068444,0.16917068,3.5481146,2.0660388,0.14884404,0.11107097,0.140203675,6.585541,0.14736473,0.4907405,13.880098,0.10492912,0.482396,1.816592,2.109704,20.59661,0.7155413,54.25663,42.83868,11.417958,3.751868,13.663344,0.631,non-piscivorous,NA,NA,1,NA,3,pelagic 1,1,NA,NA,NA,P04,P21,73.84,NA,NA,NA,NA,NA,NA,NA,1,0.385,0.19,0.308,0.168,cyan,cyan,PP,NA,0.183,0.124,0.693,0.14,0.1,0.253621766,2.107662529,3.127550189,3.311164935,29.48480846,18.3,12.4,69.3
77,P22,pelagic,NA,b6,17.42,m,113,-27.54,10.77,3.255526,0.606,0.56059614,1,1,P,1.2072934,0.27537059,1.2837678,0.45359677,0.249366061,0.4186017,0.34932217,0.13086848,20.68091,0.3148782,0.5381729,2.645355,0.4486397,0.4065792,0.13840297,0.8490792,0.2562155,6.062883,0.042891396,5.181956,2.862024,0.03638216,2.094645,0.08878558,0.15438567,3.627787,2.1644205,0.12780926,0.07066215,0.192062182,7.347572,0.14181684,0.56563,15.17696,0.09882486,0.4948375,1.4216886,2.228485,20.09334,0.5603913,55.70363,43.99844,11.705191,3.758883,12.397177,0.678,non-piscivorous,NA,NA,1,NA,3,pelagic 1,1,NA,NA,NA,P07,P22,85.8,NA,NA,NA,NA,NA,NA,NA,1,0.439,0.189,0.266,0.157,cyan,cyan,PP,NA,0.168,0.127,0.705,0.13,0.105,0.245703073,2.065574859,2.734691133,3.084602131,29.6106614,16.8,12.7,70.5
78,P23,pelagic,NA,b5,15.99,f,108,-27.56,11.23,3.390646,0.607,2.22839931,1,1,P,1.2693378,0.21669793,1.2837678,0.45359677,0.249366061,0.4186017,0.34932217,0.13086848,20.68091,0.3148782,0.5381729,2.645355,0.4486397,0.4065792,0.13840297,0.8490792,0.2562155,6.062883,0.042891396,5.181956,2.862024,0.03638216,2.094645,0.08878558,0.15438567,3.627787,2.1644205,0.12780926,0.07066215,0.192062182,7.347572,0.14181684,0.56563,15.17696,0.09882486,0.4948375,1.4216886,2.228485,20.09334,0.5603913,55.70363,43.99844,11.705191,3.758883,12.397177,0.718,non-piscivorous,NA,NA,1,NA,3,pelagic 1,1,NA,NA,NA,P06,P23,86.96,NA,NA,NA,NA,NA,NA,NA,1,0.356,0.126,0.306,0.115,cyan,cyan,PP,NA,0.207,0.131,0.662,0.103,0.08,0.170590152,2.065574859,2.734691133,3.084602131,29.6106614,20.7,13.1,66.2
79,P24,pelagic,NA,b5,12.79,m,107,-27.03,10.96,3.311582,0.604,3.36297581,1,1,P,1.044045,0.23017911,1.3628013,0.35482225,0.204508995,0.4016314,0.33289196,0.10737778,20.33642,0.2767117,0.5677255,2.63158,0.401049,0.3831763,0.15435277,0.8311078,0.2592613,6.24455,0.044270867,5.105536,2.89349,0.04375626,2.371627,0.11716006,0.16512115,3.4437053,2.0730176,0.14722904,0.08937578,0.195838885,7.004463,0.13969953,0.4439364,14.785931,0.09050638,0.3985983,1.9118235,1.601247,21.47301,0.6106877,56.00802,43.96055,12.047472,3.648944,12.312757,0.644,non-piscivorous,NA,NA,1,NA,3,pelagic 1,1,NA,NA,NA,P15,P24,85,NA,NA,NA,NA,NA,NA,NA,1,0.363,0.187,0.26,0.151,cyan,cyan,PP,NA,0.219,0.159,0.623,0.154,0.127,0.240353906,2.110929988,3.065618306,2.887029315,29.53140598,21.9,15.9,62.3
80,P25,pelagic,NA,b5,11.7,m,103,-26.84,11.4,3.439888,0.604,1.94886693,1,1,P,1.0707157,0.21392473,1.1209344,0.48794103,0.252025619,0.4316807,0.35222202,0.14050742,19.48774,0.3293186,0.55288,2.488647,0.428887,0.5114445,0.18179185,0.9116051,0.2370081,6.445457,0.049937898,5.075712,3.183274,0.04230662,2.065945,0.10928398,0.15910793,3.2917089,1.847176,0.13262794,0.09055062,0.198464428,7.037422,0.12583142,0.4045058,13.636254,0.09741109,0.443462,2.014937,2.089206,22.77666,0.7681267,56.09068,44.17134,11.919339,3.705855,12.478522,0.642,non-piscivorous,NA,NA,1,NA,3,pelagic 1,1,NA,NA,NA,P17,P25,83.16,NA,NA,NA,NA,NA,NA,NA,1,0.302,0.174,0.271,0.157,cyan,cyan,PP,NA,0.264,0.163,0.573,0.173,0.13,0.234360833,1.937677462,3.236506209,3.378502219,28.73674021,26.4,16.3,57.3
81,P26,pelagic,NA,b6,16.32,f,104,-27.38,10.86,3.282551,0.605,2.33900814,1,1,P,1.4508421,0.27813272,1.0460807,0.428224,0.221455482,0.4295465,0.38475359,0.13406,20.19698,0.3456741,0.5427335,2.359016,0.4999618,0.4623835,0.16047617,0.8677017,0.2415903,6.35201,0.045454924,4.694617,2.979146,0.05177092,2.03628,0.12187702,0.13791682,3.119282,1.5921435,0.13199889,0.09938314,0.19326824,7.088354,0.15234672,0.4113176,13.575774,0.07686999,0.38319,1.8902909,1.934254,23.97629,0.635523,56.49071,44.76141,11.729301,3.816205,11.859348,0.661,non-piscivorous,NA,NA,1,NA,3,pelagic 1,1,NA,NA,NA,P18,P26,78.75,NA,NA,NA,NA,NA,NA,NA,1,0.391,0.192,0.273,0.155,cyan,cyan,PP,NA,0.196,0.14,0.664,0.141,0.118,0.246756965,1.915222349,3.382490491,3.210477962,29.2230648,19.6,14,66.4
82,P27,pelagic,NA,b5,14.15,f,109,-27.73,10.95,3.307608,0.608,0.55575168,1,1,P,1.0926396,0.26074929,1.1483845,0.46477318,0.25531729,0.4242226,0.34989272,0.13030289,20.05978,0.3164808,0.5402209,2.403554,0.4628097,0.4485213,0.1610306,0.905827,0.241318,6.404835,0.041815003,4.910048,3.100016,0.03831366,2.048999,0.11506316,0.157337,3.3791427,1.8803603,0.14645859,0.08950352,0.209765071,6.911042,0.14496107,0.4493077,13.578399,0.09099131,0.4240025,1.8460621,1.967,23.10882,0.6453289,56.1052,44.50799,11.597207,3.837819,12.14408,0.626,non-piscivorous,NA,NA,1,NA,3,pelagic 1,1,NA,NA,NA,P22,P27,83.98,NA,NA,NA,NA,NA,NA,NA,1,0.382,0.194,0.309,0.168,cyan,cyan,PP,NA,0.187,0.122,0.691,0.144,0.102,0.256632032,1.96473976,3.343753373,3.25495074,29.29556216,18.7,12.2,69.1
83,p28,pelagic,NA,b4,16.36,f,114,-27.81,10.8,3.265402,0.608,3.83277926,1,1,P,1.1042534,0.25703318,1.1238968,0.40375107,0.221441458,0.4216075,0.31204577,0.11007669,19.5467,0.3151896,0.5237399,2.324231,0.4189885,0.4112805,0.16011364,0.8353082,0.2275697,6.597433,0.054489242,4.897208,3.032527,0.03878755,2.270618,0.10068029,0.17262115,3.2453945,1.8754263,0.17271955,0.09576084,0.16574324,7.071742,0.14191073,0.4726427,13.344875,0.09502582,0.4086257,2.075119,1.949494,23.72243,0.6427844,56.91664,44.75218,12.164469,3.678926,11.928492,0.685,non-piscivorous,NA,NA,1,NA,3,pelagic 1,1,NA,NA,NA,p28,p28,88.16,NA,NA,NA,NA,NA,NA,NA,1,0.406,0.191,0.298,0.167,cyan,cyan,PP,NA,0.176,0.12,0.704,0.136,0.105,0.253712436,1.887070399,3.354538387,2.976305118,28.89337116,17.6,12,70.4
84,p29,pelagic,NA,b4,14.66,f,102,-27.67,10.93,3.303737,0.607,1.78621009,1,1,P,1.3814445,0.23894181,1.0573263,0.34509944,0.182590261,0.4499874,0.33942701,0.12210735,19.78061,0.349349,0.6150836,2.269153,0.4687239,0.3527229,0.13417324,0.8230761,0.2533965,6.640391,0.046820636,5.390988,2.944722,0.03743436,2.089296,0.10374319,0.15001026,2.9616142,1.4923979,0.14585882,0.07897903,0.095100074,7.850516,0.09261334,0.4276316,14.942109,0.10170806,0.4868338,1.7315764,2.090089,21.89286,0.6638794,56.30265,43.89932,12.403333,3.539316,12.45465,0.666,non-piscivorous,NA,NA,1,NA,3,pelagic 1,1,NA,NA,NA,P47,p29,80.32,NA,NA,NA,NA,NA,NA,NA,1,0.387,0.192,0.305,0.169,cyan,cyan,PP,NA,0.186,0.122,0.692,0.142,0.102,0.255783111,1.903328265,2.788716054,2.852926891,29.10270087,18.6,12.2,69.2
85,P30,pelagic,NA,b4,19.95,f,122,-27.19,11.45,3.455297,0.606,1.65204852,1,1,P,1.0986602,0.4796267,1.0612669,0.33685486,0.155812173,0.4334628,0.32683672,0.12261994,19.82587,0.293333,0.6357283,3.045223,0.458746,0.4023626,0.15007248,0.8254792,0.2979236,6.56322,0.064644485,5.8992,3.587483,0.04405258,2.403043,0.11379156,0.14114905,2.9862718,1.55085,0.16301097,0.12417323,0.048989659,8.690383,0.12698655,0.3870966,14.651837,0.09171676,0.5037244,1.6083019,2.389285,18.70589,0.7833113,54.1938,40.79821,13.395591,3.045645,14.450508,0.632,non-piscivorous,NA,NA,1,NA,3,pelagic 1,1,NA,NA,NA,P30,P30,75.52,NA,NA,NA,NA,NA,NA,NA,1,0.31,0.176,0.301,0.164,cyan,cyan,PP,NA,0.244,0.145,0.611,0.162,0.118,0.240565999,1.685982885,2.152481657,2.867292333,29.07781819,24.4,14.5,61.1
86,P31,pelagic,NA,b4,24.7,f,135,-26.84,11.87,3.578324,0.628,1.38759106,2,2,P,1.003912,0.23262734,0.7195927,0.15637087,0.052355405,0.3487026,0.43555192,0.04598877,19.76284,0.1675215,0.3538775,2.429912,0.4029298,0.1860043,0.05004481,0.6368783,0.2127407,7.1709,0.031008874,4.41102,3.89638,0.02057046,2.23739,0.13489802,0.08794514,1.76948,0.7062174,0.14866404,0.08201311,0.062243807,11.087663,0.06720072,0.2820849,17.12042,0.07246344,0.4722434,1.4426994,3.536541,18.22747,0.9711686,57.0996,41.70941,15.390184,2.710131,12.007974,0.704,non-piscivorous,NA,NA,1,NA,3,pelagic 2,2,NA,NA,NA,P45,P31,68.06,106.98,NA,NA,NA,NA,NA,NA,2,0.263,0.164,0.298,0.171,cyan,cyan,PP,NA,0.303,0.136,0.561,0.188,0.128,0.23693248,1.544096353,1.643941559,2.046794995,28.9949391,30.3,13.6,56.1
87,P32,pelagic,NA,b4,23.23,f,133,-27.73,10.91,3.29846,0.632,2.36088948,2,2,P,0.9874026,0.17631282,1.002502,0.25314435,0.13536563,0.3825454,0.44516146,0.07211813,19.76665,0.284366,0.4850198,2.253733,0.4328726,0.2858007,0.08316315,0.7304883,0.1778961,6.674701,0.044490954,4.757433,2.901111,0.02803864,2.295607,0.11591659,0.13761008,3.028457,1.6043476,0.1828158,0.09582168,0.097332769,10.351522,0.1182019,0.457625,16.046158,0.08723663,0.5426191,1.4178485,3.469365,17.86315,0.8917652,57.42985,42.58731,14.84254,2.869274,11.460782,0.703,non-piscivorous,NA,NA,1,NA,3,pelagic 2,2,NA,NA,NA,P13,P32,72.09,111.5,NA,NA,NA,NA,NA,NA,2,0.389,0.196,0.312,0.173,cyan,cyan,PP,NA,0.188,0.111,0.701,0.144,0.106,0.261428767,1.550125479,1.72565445,2.50370371,28.94285572,18.8,11.1,70.1
88,P33,pelagic,NA,b4,26.17,m,132,-27.66,10.98,3.317668,0.629,3.28319287,2,2,P,1.1378419,0.1272746,1.2851328,0.35038833,0.195276242,0.4236966,0.37541174,0.10530741,20.0445,0.3124563,0.5688956,2.726458,0.4523439,0.3546518,0.13277499,0.8322783,0.2834369,6.324394,0.042351025,5.169563,3.010316,0.03690843,2.347015,0.10583639,0.15456268,3.522817,2.0156216,0.16382348,0.08859497,0.111031904,9.163039,0.1230173,0.4853849,16.253299,0.10529481,0.5266641,1.3761241,2.700052,17.15384,0.5774431,55.93247,42.25403,13.678437,3.089098,12.691324,0.663,non-piscivorous,NA,NA,1,NA,3,pelagic 2,2,NA,NA,NA,P53,P33,78.36,116.22,NA,NA,NA,NA,NA,NA,2,0.381,0.201,0.311,0.173,cyan,cyan,PP,NA,0.194,0.114,0.692,0.146,0.109,0.265198039,1.773789133,1.872068863,2.875621802,29.28495638,19.4,11.4,69.2
89,P34,pelagic,NA,b4,29.21,f,141,-27.63,11.63,3.510225,0.631,-1.03075028,2,2,P,1.0420156,0.24302187,0.9340968,0.24712532,0.114071784,0.4154946,0.4330738,0.07908018,19.97769,0.2777496,0.4945598,2.148362,0.4712005,0.2654118,0.08555056,0.6942449,0.1910557,6.676081,0.035384244,4.568217,2.863003,0.02508209,1.995394,0.10872028,0.1215846,2.5019284,1.2816769,0.14273438,0.08880847,0.094826975,9.820732,0.08264402,0.3604324,15.1991,0.09892658,0.4631233,1.5090499,3.342501,20.78932,1.0019614,57.56231,43.5576,14.00471,3.110211,11.163422,0.668,non-piscivorous,NA,NA,1,NA,3,pelagic 2,2,NA,NA,NA,P33,P34,73.4,110.58,NA,NA,NA,NA,NA,NA,2,0.293,0.181,0.363,0.185,cyan,cyan,PP,NA,0.235,0.109,0.656,0.164,0.102,0.258816537,1.547654493,2.116880901,2.442773224,29.04798854,23.5,10.9,65.6
90,p35g,pelagic,NA,b13,25.85,f,139,-27.51,11.44,3.453229,0.63,1.78699252,2,2,P,0.9625341,0.15518314,1.0971167,0.325353,0.171965826,0.4560034,0.43194469,0.10399656,21.68581,0.2981487,0.5354516,2.461992,0.473838,0.2972759,0.10497969,0.7419004,0.2745625,5.702907,0.020599466,4.881435,2.81992,0.02328115,2.164257,0.08197709,0.11908385,3.1404348,1.6066931,0.12013537,0.08288844,0.124521199,10.143044,0.11909353,0.5320423,16.53867,0.05597418,0.4931912,1.260464,2.668218,17.10624,0.7345869,56.01595,41.71139,14.304561,2.915951,11.872116,0.565,non-piscivorous,NA,NA,1,NA,3,pelagic 2,2,2,NA,NA,p37,p35g,74.06,119.02,NA,NA,NA,NA,NA,NA,2,0.318,0.182,0.336,0.177,cyan,cyan,PP,NA,0.227,0.119,0.654,0.161,0.111,0.253875954,1.63054306,1.686499635,2.715396556,29.94182414,22.7,11.9,65.4
91,P36,pelagic,NA,b4,29.84,f,143,-27.95,11.32,3.418477,0.632,-0.14646399,2,2,P,1.0204476,0.23328525,1.0926968,0.30239311,0.162563924,0.4444974,0.33918397,0.10138659,19.38746,0.2967848,0.5363512,2.237536,0.4377486,0.3550895,0.10929814,0.7622348,0.2102696,6.625847,0.043769486,5.229705,3.052151,0.03863503,2.505316,0.10953133,0.16295353,3.2076825,1.6900177,0.1653988,0.10436363,0.109222225,9.422725,0.13635018,0.4423715,15.663148,0.0946222,0.4656615,1.5821025,2.882587,18.64125,0.8490885,56.91139,42.66341,14.247981,2.994348,12.187315,0.645,non-piscivorous,NA,NA,1,NA,3,pelagic 2,2,NA,NA,NA,P57G,P36,76.88,113.25,NA,NA,NA,NA,NA,NA,2,0.335,0.192,0.368,0.186,cyan,cyan,PP,NA,0.197,0.101,0.703,0.148,0.092,0.267320033,1.662273705,1.978328987,2.686178764,28.68228833,19.7,10.1,70.3
92,p37,pelagic,NA,b2,22.55,f,132,-28.05,10.57,3.196446,0.631,0.76529381,2,2,P,0.9804484,0.21221972,0.9790647,0.30067028,0.144138174,0.4499154,0,0.09848884,20.26854,0.2819544,0.5193983,2.142049,0.4261209,0.3321444,0.11353568,0.7710981,0.1905456,6.679947,0.036985784,5.067244,3.043301,0.02727538,2.654558,0.10457653,0.16691365,3.3855711,1.6392846,0.15887015,0.10854574,0.10027357,9.822219,0.15344625,0.5424575,15.317989,0.06890063,0.4738246,1.4477287,2.709171,18.61965,0.6536052,57.03308,42.36757,14.665517,2.888924,11.84342,0.655,non-piscivorous,NA,NA,1,NA,3,pelagic 2,2,NA,NA,NA,P32,p37,67.32,106.76,NA,NA,NA,NA,NA,NA,2,0.44,0.206,0.304,0.177,cyan,cyan,PP,NA,0.156,0.1,0.744,0.13,0.098,0.271597128,1.559524279,1.895666346,2.314567404,29.48091251,15.6,10,74.4
93,p38,pelagic,NA,b2,23.23,f,138,-27.72,11.07,3.345576,0.631,1.52706585,3,3,P,0.8839179,0.1195755,0.9422701,0.27132744,0.139136971,0.4312568,0.4531101,0.10400678,19.31812,0.282947,0.5044837,2.162365,0.4470187,0.2955698,0.08506788,0.7543827,0.2426905,6.9033,0.026754547,4.873111,3.504218,0.03064002,2.870976,0.10653434,0.1490352,3.0258769,1.485963,0.16148363,0.08146516,0.149265521,10.306169,0.09323403,0.4178779,15.863101,0.08844291,0.5281801,1.3792875,3.084297,17.57102,0.866011,56.92429,41.54137,15.382913,2.700488,12.155694,0.482,non-piscivorous,NA,NA,1,NA,3,pelagic 3,22,1,NA,NA,p58,p38,80.45,114.67,122.45,NA,NA,NA,NA,NA,22,0.365,0.148,0.342,0.138,cyan,cyan,PP,NA,0.173,0.12,0.707,0.108,0.09,0.202356122,1.539185026,1.704903151,2.640392811,28.70579048,17.3,12,70.7
94,p39,pelagic,NA,b2,28.23,f,143,-27.82,10.89,3.291744,0.63,1.38331134,3,3,P,0.9653899,0.11977034,0.9044242,0.21955201,0.102452238,0.3954345,0.3948178,0.08227875,20.62734,0.2858153,0.5205505,1.945553,0.3973753,0.2662327,0.08364019,0.7178006,0.2544498,6.841082,0.028657314,4.979008,3.210129,0.030795,2.327789,0.11787783,0.13506592,2.8239597,1.4414788,0.17745026,0.09884343,0.101399885,10.541721,0.12237843,0.4100939,16.443803,0.10063957,0.5717826,1.2908958,3.325436,16.78747,0.894533,56.32327,41.35462,14.968653,2.762748,11.751177,0.695,non-piscivorous,NA,NA,1,NA,3,pelagic 3,22,NA,NA,NA,P43,p39,70.36,117.17,126.86,NA,NA,NA,NA,NA,22,0.398,0.199,0.323,0.174,cyan,cyan,PP,NA,0.161,0.118,0.721,0.133,0.108,0.264342581,1.559878411,1.592479065,2.380086618,29.88204896,16.1,11.8,72.1
95,P40,pelagic,NA,b13,28.25,f,148,-27.93,10.9,3.295139,0.631,2.68331851,3,3,P,0.8714316,0.17227443,1.1472943,0.31148392,0.105715455,0.4672067,0.37680203,0.11012427,19.91078,0.2944868,0.6400284,2.043163,0.4009957,0.3386369,0.1141911,0.8886726,0.2040145,6.592448,0.037023253,5.536129,3.190078,0.03545744,2.359619,0.10829325,0.11737188,3.0857338,1.1348836,0.14526924,0.08433822,0.154781059,10.197586,0.11918585,0.5620122,17.879154,0.07410287,0.4684262,1.2980772,2.832027,15.97845,0.6559572,56.1873,41.59144,14.595862,2.849537,12.465714,0.652,non-piscivorous,NA,NA,1,NA,3,pelagic 3,22,NA,NA,NA,P50,P40,76.06,111.2,124.58,NA,NA,NA,NA,NA,22,0.393,0.197,0.339,0.175,cyan,cyan,PP,NA,0.156,0.112,0.732,0.131,0.103,0.263503321,1.753273177,1.566885535,2.821126225,29.33406696,15.6,11.2,73.2
96,P41,pelagic,NA,b3,25.03,m,137,-27.82,11.25,3.396702,0.631,0.31937126,2,2,P,0.9734175,0.18598437,1.0829437,0.30001423,0.162224427,0.4131297,0.37152622,0.09566962,19.34504,0.2936877,0.5384025,2.405396,0.4821072,0.3144644,0.1072957,0.8215052,0.2632964,7.002056,0.042593434,5.095488,3.397855,0.04040527,2.617159,0.12233225,0.13884868,3.0952021,1.6145377,0.21587535,0.11669991,0.088210281,9.782375,0.12980367,0.3930533,15.29669,0.08837358,0.4765052,1.3850162,3.052653,18.01735,0.7942146,56.08741,41.59929,14.488114,2.87127,12.675931,0.593,non-piscivorous,NA,NA,1,NA,3,pelagic 2,2,2,NA,NA,P59,P41,80.53,113.75,NA,NA,NA,NA,NA,NA,2,0.341,0.188,0.351,0.179,cyan,cyan,PP,NA,0.2,0.108,0.692,0.147,0.102,0.259586209,1.563698999,1.841817555,2.708161747,29.09125578,20,10.8,69.2
97,P42,pelagic,NA,b11,38.75,f,148,-27.24,10.32,3.12257,0.628,1.13306757,3,3,P,1.1953265,0.20382978,0.4545137,0.13924155,0.041391006,0.3388264,0.48018522,0.1123395,19.03765,0.2007195,0.483177,3.880743,0.6333956,0.22273,0.13736301,0.8138275,0.2868329,7.113496,0.076885013,4.549296,4.416141,0.08620543,2.632897,0.13966399,0.17203077,1.1503088,0.4072044,0.11917281,0.14771145,0.080201546,10.154168,0.12036846,0.188917,12.767484,0.06807228,0.7678693,2.1235698,3.2049,21.61119,0.6393132,55.38111,39.45037,15.930737,2.476368,14.761107,0.648,non-piscivorous,NA,NA,1,NA,3,pelagic 3,22,NA,NA,NA,P40,P42,67.56,91.98,120.71,NA,NA,NA,NA,NA,22,0.468,0.204,0.235,0.144,cyan,cyan,PP,NA,0.157,0.141,0.703,0.137,0.132,0.249703825,1.257363873,2.128307312,2.425568176,28.08522268,15.7,14.1,70.3
98,P43,pelagic,NA,b11,30.65,f,146,-28.2,11.22,3.389379,0.633,2.29639425,2,2,P,0.9848541,0.26369379,1.1258322,0.26282846,0.128454261,0.439082,0.39285103,0.10878546,20.26353,0.2950846,0.5432652,2.141176,0.4602974,0.3015195,0.1111733,0.7746728,0.178459,6.250044,0.043598114,4.633654,2.969251,0.03441328,2.391449,0.11908991,0.13408666,3.0481785,1.5496602,0.17137094,0.10970859,0.137916107,9.237953,0.13935322,0.4974729,16.152636,0.07994054,0.4728233,1.5467765,2.662523,19.47348,0.6176139,57.44431,43.5233,13.921004,3.126449,11.408907,0.682,non-piscivorous,NA,NA,1,NA,3,pelagic 2,2,NA,NA,NA,P31,P43,73.48,112.16,NA,NA,NA,NA,NA,NA,2,0.343,0.192,0.386,0.187,cyan,cyan,PP,NA,0.177,0.093,0.729,0.137,0.088,0.268016791,1.748508138,2.107986477,2.638456721,29.22356239,17.7,9.3,72.9
99,P44,pelagic,NA,b11,35.04,f,143,-27.83,12.03,3.626084,0.633,0.09693648,2,2,P,1.1982736,0.23979383,0.6821352,0.1445055,0.048653477,0.3564686,0.48342883,0.09396842,19.49073,0.287764,0.5011671,1.627682,0.4461234,0.3342509,0.11658396,0.7504026,0.176383,6.803322,0.028810711,4.394288,3.057925,0.03420341,1.773496,0.12598919,0.09225381,1.9000565,0.7143638,0.14655024,0.09493825,0.201788924,10.126158,0.09561921,0.284958,14.431658,0.05961043,0.5337632,1.9206189,2.999717,23.77595,0.863717,58.8504,44.20232,14.648079,3.017619,10.649285,0.655,non-piscivorous,NA,NA,1,NA,3,pelagic 2,2,NA,NA,NA,P46,P44,69.83,112.51,NA,NA,NA,NA,NA,NA,2,0.245,0.157,0.411,0.191,cyan,cyan,PP,NA,0.245,0.099,0.656,0.169,0.092,0.247244818,1.425185939,2.347973437,2.454251477,28.41520826,24.5,9.9,65.6
100,P45,pelagic,NA,b11,22.1,m,123,-26.61,11,3.322279,0.625,1.85566406,2,2,P,1.1876185,0.13396012,0.9392447,0.28546794,0.151638149,0.4070648,0.39529795,0.07988075,20.78078,0.2750621,0.4510002,1.994342,0.4605612,0.3012714,0.09513824,0.790641,0.2038795,6.771062,0.038212907,4.159543,2.876702,0.02828531,2.003927,0.11666554,0.14005324,2.7728556,1.5701147,0.15186674,0.07187528,0.152769891,8.686436,0.12507997,0.450425,17.057192,0.0751376,0.4891306,1.1743956,3.244753,19.65345,0.5787954,57.52059,44.87388,12.646713,3.548264,10.559464,0.601,non-piscivorous,NA,NA,1,NA,3,pelagic 2,2,NA,NA,NA,P41,P45,73.65,107.58,NA,NA,NA,NA,NA,NA,2,0.347,0.188,0.24,0.146,cyan,cyan,PP,NA,0.25,0.163,0.587,0.175,0.145,0.238033611,1.963658283,2.262544731,2.623065769,30.03246238,25,16.3,58.7
101,P46,pelagic,NA,b11,28.23,m,136,-27.36,11.23,3.39231,0.628,1.21625142,2,2,P,1.1222617,0.21253931,1.0455009,0.29340929,0.155467072,0.4184176,0,0.08433365,20.83395,0.2984792,0.4873097,2.017666,0.4385929,0.3082295,0.10839035,0.7675407,0.1901914,6.36606,0.044894868,4.556414,2.910518,0.03150984,1.958639,0.14146058,0.14655065,2.8548697,1.4428088,0.14794112,0.08109168,0.118351126,9.140136,0.13471894,0.4281588,15.514902,0.08951822,0.5395544,1.3307122,3.202876,20.76366,0.607178,57.57593,44.34199,13.233943,3.350626,11.056668,0.674,non-piscivorous,NA,NA,1,NA,3,pelagic 2,2,NA,NA,NA,p52,P46,74.15,109.96,NA,NA,NA,NA,NA,NA,2,0.34,0.188,0.311,0.169,cyan,cyan,PP,NA,0.223,0.126,0.651,0.162,0.113,0.252794383,1.697447609,2.271701428,2.277248742,29.81038912,22.3,12.6,65.1
102,P47,pelagic,NA,b12,21.85,m,120,-24.98,10.05,3.045392,0.615,-1.28660059,2,2,P,1.2644676,0.19850703,0.9090084,0.2469,0.119449885,0.3231043,0.63568215,0.10364565,20.60911,0.2044934,0.5821007,5.00103,0.3405698,0.2682744,0.14049025,0.7490969,0.3145102,6.272299,0.082856998,6.000242,3.616466,0.04970912,2.04468,0.1348273,0.22767751,2.1033309,1.3753793,0.13680906,0.20422287,0.196359137,7.896755,0.10767437,0.3924096,14.176304,0.07469791,0.6795543,1.7188567,2.979576,18.33367,0.6481729,52.23223,39.46834,12.763883,3.092189,16.396202,0.674,non-piscivorous,NA,NA,1,NA,1,pelagic 2,2,NA,NA,NA,p38,P47,75.25,98.39,NA,NA,NA,NA,NA,NA,2,0.199,0.162,0.076,0.082,aquamarine4,aquamarine4,PB,NA,0.259,0.466,0.275,0.203,0.215,0.181570923,1.795206259,2.32167137,2.721470835,29.20895287,25.9,46.6,27.5
103,P49,pelagic,NA,b12,36.05,f,149,-27.42,11.45,3.455806,0.629,2.85733811,3,3,P,1.0897991,0.20800475,0.8043271,0.19336156,0.084065764,0.3909041,0.54317589,0.08669505,20.39602,0.2883928,0.4907553,1.782122,0.4849757,0.2626011,0.08349729,0.7123968,0.1745364,6.669727,0.018229088,4.214484,2.876903,0.02170285,1.989159,0.10144397,0.10991236,2.5229216,1.118791,0.120069,0.06637716,0.140466091,9.895319,0.10536851,0.3462944,14.90579,0.08604362,0.4438386,1.4577762,3.368921,21.80829,0.8343483,58.21285,44.17638,14.03647,3.147257,10.418477,0.69,non-piscivorous,NA,NA,1,NA,3,pelagic 3,22,NA,NA,NA,P42,P49,71.64,104.56,121.02,NA,NA,NA,NA,NA,22,0.316,0.186,0.339,0.179,cyan,cyan,PP,NA,0.213,0.133,0.655,0.165,0.121,0.258141434,1.506347597,2.203899642,2.458141524,29.28093159,21.3,13.3,65.5
104,P50,pelagic,NA,b12,32.06,f,147,-28.02,11.61,3.502457,0.633,1.18188394,3,3,P,1.0092796,0.15438782,0.932669,0.22827553,0.100026953,0.4033882,0.3455072,0.08940761,19.58825,0.2903349,0.5262781,2.040518,0.4519519,0.3263606,0.11086808,0.7880537,0.2089476,6.939389,0.0527863,5.649398,3.406196,0.03466286,2.280314,0.12013959,0.12787149,2.6157135,1.1945694,0.18026417,0.11838873,0.168865381,9.816316,0.10101168,0.4144446,15.308961,0.09223789,0.4858353,1.5784127,2.894361,19.34071,0.6483071,56.32739,41.86978,14.457615,2.896036,12.779462,0.69,non-piscivorous,NA,NA,1,NA,3,pelagic 3,22,NA,NA,NA,P49,P50,56.87,101.94,125.97,NA,NA,NA,NA,NA,22,0.292,0.175,0.414,0.183,cyan,cyan,PP,NA,0.184,0.11,0.706,0.146,0.099,0.253207425,1.559542399,1.970261552,2.512027463,29.04439155,18.4,11,70.6
105,P51R,pelagic,NA,b13,30.02,f,138,-27.87,11.93,3.595708,0.633,1.0183692,2,2,P,1.1422823,0.27757243,0.9516213,0.23194292,0.100177714,0.401126,0.41231257,0.09297559,19.85617,0.2761225,0.5221985,1.822836,0.4773426,0.2638171,0.08956138,0.7425519,0.1881053,7.041444,0.033452243,4.629624,3.006509,0.02483162,1.982511,0.10989017,0.0968702,2.3442517,1.0351643,0.13900743,0.07502352,0.126362852,9.33604,0.10824088,0.4203491,15.865761,0.08012228,0.4298706,1.3755956,3.174362,21.40296,0.7328977,57.69834,44.35109,13.34725,3.322863,11.056045,0.677,non-piscivorous,NA,NA,1,NA,3,pelagic 2,2,NA,NA,NA,P51R,P51R,61.55,104.55,NA,NA,NA,NA,NA,NA,2,0.241,0.156,0.421,0.182,cyan,cyan,PP,NA,0.217,0.121,0.662,0.157,0.102,0.239708156,1.699410135,2.292509458,2.444355344,29.32193308,21.7,12.1,66.2
106,p52,pelagic,NA,b1,26.63,f,137,-26.16,10.51,3.177957,0.621,-1.47455404,2,2,P,1.0356415,0.11871067,0.9187709,0.26937774,0.140981314,0.3966555,0.41467486,0.08516656,20.41275,0.2432298,0.457649,2.133879,0.387164,0.2685154,0.12346161,0.7579325,0.1843054,6.814042,0.032327823,4.460299,2.951353,0.01905302,2.370261,0.10105109,0.1601334,2.9634684,1.7991957,0.17906782,0.08616525,0.195909772,8.929759,0.11407924,0.509843,16.813965,0.08227812,0.4629503,1.4044117,2.930328,18.77039,0.6551481,57.4247,43.90127,13.523425,3.246313,10.955425,0.647,non-piscivorous,NA,NA,1,NA,3,pelagic 2,2,NA,NA,NA,p35g,p52,73.96,121.66,NA,NA,NA,NA,NA,NA,2,0.359,0.196,0.199,0.121,cyan,cyan,PP,NA,0.206,0.236,0.558,0.165,0.171,0.230341051,1.882913637,2.102004097,2.557816574,29.66254793,20.6,23.6,55.8
107,P53,pelagic,NA,b12,25.24,f,131,-27.64,11.14,3.3657,0.63,1.26647239,2,2,P,1.1227304,0.12722699,1.0595994,0.34250306,0.167625914,0.423694,0.18154019,0.10702687,20.88966,0.2922728,0.4802145,2.26942,0.4745756,0.364307,0.12774859,0.810898,0.1830248,6.158854,0.046837615,4.33596,2.881443,0.04008698,1.834044,0.11381899,0.12508204,2.9156319,1.516337,0.12996113,0.09308574,0.138092291,8.201436,0.13026476,0.4494014,15.942509,0.07890786,0.4326525,1.573339,2.41115,21.70972,0.5672702,57.37966,45.07502,12.304646,3.663252,11.09692,0.671,non-piscivorous,NA,NA,1,NA,3,pelagic 2,2,NA,NA,NA,P34,P53,71.53,115.35,NA,NA,NA,NA,NA,NA,2,0.337,0.188,0.338,0.171,cyan,cyan,PP,NA,0.188,0.136,0.675,0.145,0.115,0.25413579,1.943868001,2.64706327,2.639162614,29.66539338,18.8,13.6,67.5
108,P54,pelagic,NA,b12,37.55,m,158,-27.63,11.58,3.494518,0.631,1.37031619,3,3,P,0.9520038,0.1548653,0.834195,0.18074689,0.055724295,0.3996365,0.47990296,0.08653399,20.9683,0.2632643,0.5307251,1.529775,0.4142626,0.2631745,0.08426781,0.7507315,0.1594613,6.717204,0.03497917,4.636756,2.768868,0.0246112,1.728171,0.09175043,0.07486972,2.0134907,0.7039658,0.11108934,0.07066026,0.106157009,9.325509,0.09326431,0.3882764,15.167278,0.07554445,0.4162095,1.5808538,3.111141,22.90667,0.8519781,57.61585,44.38408,13.231769,3.354357,10.433362,0.661,non-piscivorous,NA,NA,1,NA,3,pelagic 3,22,NA,NA,NA,P54,P54,75.42,115.9,135.33,NA,NA,NA,NA,NA,22,0.301,0.179,0.373,0.183,cyan,cyan,PP,NA,0.205,0.122,0.674,0.16,0.107,0.255988281,1.62642897,2.456345278,2.392468875,29.94845122,20.5,12.2,67.4
109,p55,pelagic,NA,b1,29.79,f,141,-27.88,11.1,3.352586,0.633,-2.11091401,2,2,P,1.0627061,0.24447847,0.939651,0.2427262,0.108317441,0.4194961,0.36948624,0.0882438,20.61376,0.2401326,0.5038627,2.0427,0.3730928,0.2338412,0.10110457,0.6681464,0.195695,6.821906,0.030528701,4.568877,3.00375,0.03377924,2.40098,0.12453945,0.1359181,2.5131429,1.2341491,0.14725483,0.09194882,0.172752548,9.10425,0.06806134,0.3459053,15.732878,0.0877256,0.4053077,1.3598435,2.891526,20.88363,0.7010957,57.24834,43.66929,13.579052,3.215931,11.084366,0.685,non-piscivorous,NA,NA,1,NA,3,pelagic 2,2,NA,NA,NA,p55,p55,70.18,110.42,NA,NA,NA,NA,NA,NA,2,0.347,0.191,0.355,0.176,cyan,cyan,PP,NA,0.172,0.127,0.702,0.136,0.108,0.259724854,1.728080622,2.2938331,2.355901401,29.82247938,17.2,12.7,70.2
110,P56R,pelagic,NA,b10,31.12,f,143,-27.41,11.64,3.512308,0.63,-0.29791201,2,2,P,1.0642201,0.22712213,1.0695193,0.28829066,0.136617557,0.4173655,0.50317854,0.0978094,23.25039,0.2515691,0.5437332,2.6672,0.565466,0.2761985,0.08103623,0.7445047,0.2516528,5.575806,0,4.197119,2.912742,0,2.276431,0.07672791,0.1044433,2.5487722,1.4610429,0.09583195,0.02514515,0.148603491,8.849931,0.07036372,0.3285683,16.424811,0.07194473,0.3956594,0.9370474,3.028849,18.69409,0.6315407,55.26861,42.55649,12.712116,3.347711,11.414628,0.661,non-piscivorous,NA,NA,1,NA,3,pelagic 2,2,NA,NA,NA,P36,P56R,70.36,113.95,NA,NA,NA,NA,NA,NA,2,0.271,0.166,0.353,0.174,cyan,cyan,PP,NA,0.234,0.142,0.624,0.166,0.115,0.240482848,1.855925317,2.112343023,2.621728997,31.30209009,23.4,14.2,62.4
111,P57G,pelagic,NA,b10,25.46,m,132,-28.01,10.86,3.281359,0.632,2.31644841,2,2,P,1.1069719,0,1.0310494,0.30478711,0.148698032,0.4130322,0.41251456,0.10622899,20.83891,0.309616,0.4940434,2.280849,0.4681275,0.3444842,0.11759367,0.8116585,0.2187315,6.527045,0.029527516,4.554603,2.922494,0.02830279,1.991671,0.1078805,0.11988616,2.7440476,1.4799785,0.14022826,0.07945677,0.151283883,8.872477,0.11241751,0.430681,16.313496,0.08556215,0.4322645,1.5243193,2.678091,19.66734,0.7066203,56.51796,43.42605,13.091902,3.317016,11.385752,0.687,non-piscivorous,NA,NA,1,NA,3,pelagic 2,2,NA,NA,NA,p39,P57G,84.67,132,NA,NA,NA,NA,NA,NA,2,0.38,0.197,0.342,0.173,cyan,cyan,PP,NA,0.159,0.119,0.722,0.129,0.099,0.262179328,1.838663093,2.216668468,2.766877762,29.95536601,15.9,11.9,72.2
112,p58,pelagic,NA,b1,27.29,m,144,-27.51,11.43,3.449197,0.63,2.16929084,2,2,P,0.9139366,0.09706584,0.8799564,0.18168113,0.074676278,0.4252399,0.52024614,0.08583363,20.09291,0.2460346,0.5043335,1.895054,0.3791367,0.2354824,0.12027407,0.7738512,0.2420916,6.812931,0.040672428,4.907117,3.463306,0.03640635,2.361242,0.12120327,0.14863465,2.5820382,1.0434633,0.1459404,0.11260773,0.123532479,10.90048,0.10279323,0.377718,15.251009,0.08061796,0.5579246,1.4266965,3.763789,17.91511,1.0679613,56.55444,41.03592,15.51851,2.644321,11.82676,0.674,non-piscivorous,NA,NA,1,NA,3,pelagic 2,2,NA,NA,NA,P44,p58,82.39,130.68,NA,NA,NA,NA,NA,NA,2,0.296,0.174,0.347,0.173,cyan,cyan,PP,NA,0.216,0.14,0.643,0.159,0.115,0.245367072,1.399113525,1.643515698,2.538488018,29.33265013,21.6,14,64.3
113,P59,pelagic,NA,b10,24.23,f,133,-27.55,11.25,3.396131,0.63,-1.46370024,2,2,P,1.0299081,0.30517927,1.007709,0.2709755,0.12422374,0.3902188,0.39881196,0.08666691,22.29053,0.302005,0.4780352,2.238993,0.4444364,0.3070956,0.09074856,0.7142078,0.1825208,6.495442,0,4.454271,2.82465,0,1.816714,0.1404335,0.1328251,2.5763638,1.3186989,0.1744568,0.03568262,0.147100908,8.67975,0.09413393,0.3681177,16.420064,0.06499961,0.3321194,1.4479679,2.540735,20.01093,0.5973619,55.88552,43.32904,12.556478,3.450732,10.960594,0.678,non-piscivorous,NA,NA,1,NA,3,pelagic 2,2,NA,NA,NA,P56R,P59,61.45,98.02,NA,NA,NA,NA,NA,NA,2,0.319,0.184,0.342,0.172,cyan,cyan,PP,NA,0.198,0.14,0.661,0.149,0.115,0.251872984,1.891766929,2.305473084,2.52338237,31.27799751,19.8,14,66.1
